scope,server,iter,event,test_id,suite_id,process_lifetime_ms,shutdown_latency_ms,signaled_with,killed_by_timeout,pid
suite,rf_mcp_substitute,4,acquire,s1-s1-t3,s1-s1,0.000,0.000,,0,3308678
suite,rf_mcp_substitute,4,acquire,s1-s1-t4,s1-s1,0.000,0.000,,0,3308678
suite,rf_mcp_substitute,4,release_suite,,s1-s1,10.736,1.160,SIGTERM,0,3308678
test,echo_server,1,acquire,s1-t1,s1,0.000,0.000,,0,3308890
test,echo_server,1,release_test,s1-t1,,6.848,2.590,SIGTERM,0,3308890
suite,slow_server,1,acquire,s1-t1,s1,0.000,0.000,,0,3309225
suite,slow_server,1,release_test,s1-t1,,9.163,7.682,SIGTERM,0,3309225
suite,slow_server,1,acquire,s1-t1,s1,0.000,0.000,,0,3309233
suite,slow_server,1,release_test,s1-t1,,11.053,3.929,SIGTERM,0,3309233
suite,slow_server,1,acquire,s1-t1,s1,0.000,0.000,,0,3309240
suite,slow_server,1,release_test,s1-t1,,9.265,1.238,SIGTERM,0,3309240
suite,slow_server,1,acquire,s1-t1,s1,0.000,0.000,,0,3309241
suite,slow_server,1,release_test,s1-t1,,7.776,4.930,SIGTERM,0,3309241
suite,slow_server,1,acquire,s1-t1,s1,0.000,0.000,,0,3309224
suite,slow_server,1,release_test,s1-t1,,9.650,4.777,SIGTERM,0,3309224
suite,slow_server,1,acquire,s1-s1-t1,s1-s1,0.000,0.000,,0,3309239
suite,slow_server,1,acquire,s1-s1-t2,s1-s1,0.000,0.000,,0,3309239
suite,slow_server,1,acquire,s1-s1-t3,s1-s1,0.000,0.000,,0,3309239
suite,slow_server,1,acquire,s1-s1-t4,s1-s1,0.000,0.000,,0,3309239
suite,slow_server,1,release_suite,,s1-s1,33.113,9.254,SIGTERM,0,3309239
test,echo_server,3,acquire,s1-t1,s1,0.000,0.000,,0,3309560
test,echo_server,3,release_test,s1-t1,,4.378,1.639,SIGTERM,0,3309560
test,echo_server,3,acquire,s1-s1-t1,s1-s1,0.000,0.000,,0,3309562
test,echo_server,3,acquire,s1-s1-t2,s1-s1,0.000,0.000,,0,3309562
test,echo_server,3,acquire,s1-s1-t3,s1-s1,0.000,0.000,,0,3309562
test,echo_server,3,acquire,s1-s1-t4,s1-s1,0.000,0.000,,0,3309562
test,echo_server,3,shutdown_all,,,13.745,1.181,SIGTERM,0,3309562
test,echo_server,3,acquire,s1-s1-t1,s1-s1,0.000,0.000,,0,3309561
test,echo_server,3,acquire,s1-s1-t2,s1-s1,0.000,0.000,,0,3309561
test,echo_server,3,acquire,s1-s1-t3,s1-s1,0.000,0.000,,0,3309561
test,echo_server,3,acquire,s1-s1-t4,s1-s1,0.000,0.000,,0,3309561
test,echo_server,3,shutdown_all,,,13.494,1.186,SIGTERM,0,3309561
test,echo_server,3,acquire,s1-s1-t1,s1-s1,0.000,0.000,,0,3309563
test,echo_server,3,acquire,s1-s1-t2,s1-s1,0.000,0.000,,0,3309563
test,echo_server,3,acquire,s1-s1-t3,s1-s1,0.000,0.000,,0,3309563
test,echo_server,3,acquire,s1-s1-t4,s1-s1,0.000,0.000,,0,3309563
test,echo_server,3,shutdown_all,,,25.687,1.203,SIGTERM,0,3309563
test,echo_server,3,acquire,s1-s1-t1,s1-s1,0.000,0.000,,0,3309564
test,echo_server,3,acquire,s1-s1-t2,s1-s1,0.000,0.000,,0,3309564
test,echo_server,3,acquire,s1-s1-t3,s1-s1,0.000,0.000,,0,3309564
test,echo_server,3,acquire,s1-s1-t4,s1-s1,0.000,0.000,,0,3309564
test,echo_server,3,shutdown_all,,,17.304,3.297,SIGTERM,0,3309564
process,echo_server,4,acquire,s1-s1-t1,s1-s1,0.000,0.000,,0,3309808
process,echo_server,4,acquire,s1-s1-t2,s1-s1,0.000,0.000,,0,3309808
process,echo_server,4,acquire,s1-s1-t3,s1-s1,0.000,0.000,,0,3309808
process,echo_server,4,acquire,s1-s1-t4,s1-s1,0.000,0.000,,0,3309808
process,echo_server,4,shutdown_all,,,42.424,9.337,SIGTERM,0,3309808
process,echo_server,4,acquire,s1-s1-t1,s1-s1,0.000,0.000,,0,3309821
process,echo_server,4,acquire,s1-s1-t2,s1-s1,0.000,0.000,,0,3309821
process,echo_server,4,acquire,s1-s1-t3,s1-s1,0.000,0.000,,0,3309821
process,echo_server,4,acquire,s1-s1-t4,s1-s1,0.000,0.000,,0,3309821
process,echo_server,4,shutdown_all,,,36.745,2.015,SIGTERM,0,3309821
process,echo_server,4,acquire,s1-s1-t1,s1-s1,0.000,0.000,,0,3309813
process,echo_server,4,acquire,s1-s1-t2,s1-s1,0.000,0.000,,0,3309813
process,echo_server,4,acquire,s1-s1-t3,s1-s1,0.000,0.000,,0,3309813
process,echo_server,4,acquire,s1-s1-t4,s1-s1,0.000,0.000,,0,3309813
process,echo_server,4,shutdown_all,,,31.511,1.214,SIGTERM,0,3309813
process,echo_server,4,acquire,s1-s1-t1,s1-s1,0.000,0.000,,0,3309815
process,echo_server,4,acquire,s1-s1-t2,s1-s1,0.000,0.000,,0,3309815
process,echo_server,4,acquire,s1-s1-t3,s1-s1,0.000,0.000,,0,3309815
process,echo_server,4,acquire,s1-s1-t4,s1-s1,0.000,0.000,,0,3309815
process,echo_server,4,shutdown_all,,,30.735,4.256,SIGTERM,0,3309815
process,echo_server,4,acquire,s1-t1,s1,0.000,0.000,,0,3309814
process,echo_server,4,release_test,s1-t1,,6.649,1.219,SIGTERM,0,3309814
process,echo_server,4,acquire,s1-t1,s1,0.000,0.000,,0,3309806
process,echo_server,4,release_test,s1-t1,,5.634,1.221,SIGTERM,0,3309806
process,echo_server,4,acquire,s1-t1,s1,0.000,0.000,,0,3309824
process,echo_server,4,release_test,s1-t1,,5.629,3.597,SIGTERM,0,3309824
process,echo_server,4,acquire,s1-t1,s1,0.000,0.000,,0,3309823
process,echo_server,4,release_test,s1-t1,,3.527,1.275,SIGTERM,0,3309823
process,echo_server,4,acquire,s1-t1,s1,0.000,0.000,,0,3309807
process,echo_server,4,release_test,s1-t1,,4.546,1.222,SIGTERM,0,3309807
process,echo_server,4,acquire,s1-t1,s1,0.000,0.000,,0,3309822
process,echo_server,4,release_test,s1-t1,,8.304,4.525,SIGTERM,0,3309822
process,echo_server,4,acquire,s1-t1,s1,0.000,0.000,,0,3309816
process,echo_server,4,release_test,s1-t1,,9.218,3.306,SIGTERM,0,3309816
process,echo_server,4,acquire,s1-t1,s1,0.000,0.000,,0,3309829
process,echo_server,4,release_test,s1-t1,,3.434,3.759,SIGTERM,0,3309829
test,echo_server,4,acquire,s1-t1,s1,0.000,0.000,,0,3309845
test,echo_server,4,release_test,s1-t1,,2.795,1.227,SIGTERM,0,3309845
test,echo_server,4,acquire,s1-s1-t1,s1-s1,0.000,0.000,,0,3309917
test,echo_server,4,acquire,s1-s1-t2,s1-s1,0.000,0.000,,0,3309917
test,echo_server,4,acquire,s1-s1-t3,s1-s1,0.000,0.000,,0,3309917
test,echo_server,4,acquire,s1-s1-t4,s1-s1,0.000,0.000,,0,3309917
test,echo_server,4,release_suite,,s1-s1,9.974,1.173,SIGTERM,0,3309917
test,echo_server,4,acquire,s1-s1-t1,s1-s1,0.000,0.000,,0,3309918
test,echo_server,4,acquire,s1-s1-t2,s1-s1,0.000,0.000,,0,3309918
test,echo_server,4,acquire,s1-s1-t3,s1-s1,0.000,0.000,,0,3309918
test,echo_server,4,acquire,s1-s1-t4,s1-s1,0.000,0.000,,0,3309918
test,echo_server,4,release_suite,,s1-s1,10.703,1.214,SIGTERM,0,3309918
test,echo_server,4,acquire,s1-s1-t1,s1-s1,0.000,0.000,,0,3309911
test,echo_server,4,acquire,s1-s1-t2,s1-s1,0.000,0.000,,0,3309911
test,echo_server,4,acquire,s1-s1-t3,s1-s1,0.000,0.000,,0,3309911
test,echo_server,4,acquire,s1-s1-t4,s1-s1,0.000,0.000,,0,3309911
test,echo_server,4,release_suite,,s1-s1,11.865,1.189,SIGTERM,0,3309911
test,echo_server,4,acquire,s1-s1-t1,s1-s1,0.000,0.000,,0,3309916
test,echo_server,4,acquire,s1-s1-t2,s1-s1,0.000,0.000,,0,3309916
test,echo_server,4,acquire,s1-s1-t3,s1-s1,0.000,0.000,,0,3309916
test,echo_server,4,acquire,s1-s1-t4,s1-s1,0.000,0.000,,0,3309916
test,echo_server,4,release_suite,,s1-s1,15.371,1.180,SIGTERM,0,3309916
process,echo_server,1,acquire,s1-t1,s1,0.000,0.000,,0,3310399
process,echo_server,1,release_test,s1-t1,,6.019,7.204,SIGTERM,0,3310399
process,echo_server,1,acquire,s1-t1,s1,0.000,0.000,,0,3310403
process,echo_server,1,release_test,s1-t1,,3.884,5.342,SIGTERM,0,3310403
process,echo_server,1,acquire,s1-t1,s1,0.000,0.000,,0,3310400
process,echo_server,1,release_test,s1-t1,,10.398,4.170,SIGTERM,0,3310400
process,echo_server,1,acquire,s1-t1,s1,0.000,0.000,,0,3310395
process,echo_server,1,release_test,s1-t1,,6.369,9.850,SIGTERM,0,3310395
process,echo_server,1,acquire,s1-t1,s1,0.000,0.000,,0,3310404
process,echo_server,1,release_test,s1-t1,,6.671,1.205,SIGTERM,0,3310404
process,echo_server,1,acquire,s1-t1,s1,0.000,0.000,,0,3310409
process,echo_server,1,release_test,s1-t1,,6.016,1.536,SIGTERM,0,3310409
process,echo_server,1,acquire,s1-t1,s1,0.000,0.000,,0,3310405
process,echo_server,1,release_test,s1-t1,,7.322,1.216,SIGTERM,0,3310405
process,echo_server,1,acquire,s1-t1,s1,0.000,0.000,,0,3310410
process,echo_server,1,release_test,s1-t1,,2.960,1.186,SIGTERM,0,3310410
process,echo_server,1,acquire,s1-t1,s1,0.000,0.000,,0,3310407
process,echo_server,1,release_test,s1-t1,,8.112,1.271,SIGTERM,0,3310407
process,echo_server,1,acquire,s1-t1,s1,0.000,0.000,,0,3310408
process,echo_server,1,release_test,s1-t1,,10.005,4.037,SIGTERM,0,3310408
process,echo_server,1,acquire,s1-t1,s1,0.000,0.000,,0,3310406
process,echo_server,1,release_test,s1-t1,,6.609,3.744,SIGTERM,0,3310406
process,echo_server,1,acquire,s1-t1,s1,0.000,0.000,,0,3310411
process,echo_server,1,release_test,s1-t1,,2.970,1.224,SIGTERM,0,3310411
process,rf_mcp_substitute,3,acquire,s1-t1,s1,0.000,0.000,,0,3310720
process,rf_mcp_substitute,3,release_test,s1-t1,,7.020,1.477,SIGTERM,0,3310720
process,rf_mcp_substitute,3,acquire,s1-t1,s1,0.000,0.000,,0,3310721
process,rf_mcp_substitute,3,release_test,s1-t1,,7.454,3.390,SIGTERM,0,3310721
process,rf_mcp_substitute,3,acquire,s1-t1,s1,0.000,0.000,,0,3310722
process,rf_mcp_substitute,3,release_test,s1-t1,,10.380,1.316,SIGTERM,0,3310722
process,echo_server,3,acquire,s1-t1,s1,0.000,0.000,,0,3310734
process,echo_server,3,release_test,s1-t1,,6.087,1.213,SIGTERM,0,3310734
process,echo_server,3,acquire,s1-t1,s1,0.000,0.000,,0,3310732
process,echo_server,3,release_test,s1-t1,,4.693,1.199,SIGTERM,0,3310732
process,echo_server,3,acquire,s1-t1,s1,0.000,0.000,,0,3310733
process,echo_server,3,release_test,s1-t1,,5.916,3.568,SIGTERM,0,3310733
process,echo_server,3,acquire,s1-t1,s1,0.000,0.000,,0,3310731
process,echo_server,3,release_test,s1-t1,,9.219,1.193,SIGTERM,0,3310731
process,echo_server,3,acquire,s1-t1,s1,0.000,0.000,,0,3310730
process,echo_server,3,release_test,s1-t1,,4.619,3.588,SIGTERM,0,3310730
process,echo_server,3,acquire,s1-t1,s1,0.000,0.000,,0,3310813
process,echo_server,3,release_test,s1-t1,,8.260,1.232,SIGTERM,0,3310813
process,echo_server,4,acquire,s1-t1,s1,0.000,0.000,,0,3311044
process,echo_server,4,release_test,s1-t1,,5.234,2.526,SIGTERM,0,3311044
test,rf_mcp_substitute,3,acquire,s1-t1,s1,0.000,0.000,,0,3311154
test,rf_mcp_substitute,3,release_test,s1-t1,,13.295,1.271,SIGTERM,0,3311154
test,rf_mcp_substitute,3,acquire,s1-t1,s1,0.000,0.000,,0,3311146
test,rf_mcp_substitute,3,release_test,s1-t1,,6.417,7.818,SIGTERM,0,3311146
test,rf_mcp_substitute,3,acquire,s1-t1,s1,0.000,0.000,,0,3311148
test,rf_mcp_substitute,3,release_test,s1-t1,,6.279,1.193,SIGTERM,0,3311148
test,rf_mcp_substitute,4,acquire,s1-t1,s1,0.000,0.000,,0,3311514
test,rf_mcp_substitute,4,release_test,s1-t1,,6.423,3.573,SIGTERM,0,3311514
test,rf_mcp_substitute,4,acquire,s1-t1,s1,0.000,0.000,,0,3311515
test,rf_mcp_substitute,4,release_test,s1-t1,,6.380,1.213,SIGTERM,0,3311515
test,rf_mcp_substitute,4,acquire,s1-t1,s1,0.000,0.000,,0,3311520
test,rf_mcp_substitute,4,release_test,s1-t1,,6.454,1.215,SIGTERM,0,3311520
test,rf_mcp_substitute,4,acquire,s1-t1,s1,0.000,0.000,,0,3311517
test,rf_mcp_substitute,4,release_test,s1-t1,,8.575,2.940,SIGTERM,0,3311517
test,rf_mcp_substitute,4,acquire,s1-t1,s1,0.000,0.000,,0,3311516
test,rf_mcp_substitute,4,release_test,s1-t1,,3.470,6.278,SIGTERM,0,3311516
test,rf_mcp_substitute,4,acquire,s1-t1,s1,0.000,0.000,,0,3311522
test,rf_mcp_substitute,4,release_test,s1-t1,,6.886,1.442,SIGTERM,0,3311522
process,slow_server,2,acquire,s1-t1,s1,0.000,0.000,,0,3311742
process,slow_server,2,release_test,s1-t1,,6.716,1.224,SIGTERM,0,3311742
process,slow_server,2,acquire,s1-t1,s1,0.000,0.000,,0,3311745
process,slow_server,2,release_test,s1-t1,,4.263,1.331,SIGTERM,0,3311745
process,slow_server,2,acquire,s1-t1,s1,0.000,0.000,,0,3311743
process,slow_server,2,release_test,s1-t1,,7.296,1.204,SIGTERM,0,3311743
test,slow_server,1,acquire,s1-t1,s1,0.000,0.000,,0,3312129
test,slow_server,1,release_test,s1-t1,,9.992,1.187,SIGTERM,0,3312129
test,slow_server,1,acquire,s1-t1,s1,0.000,0.000,,0,3312125
test,slow_server,1,release_test,s1-t1,,3.042,1.195,SIGTERM,0,3312125
test,slow_server,1,acquire,s1-t1,s1,0.000,0.000,,0,3312124
test,slow_server,1,release_test,s1-t1,,6.720,3.945,SIGTERM,0,3312124
test,slow_server,1,acquire,s1-t1,s1,0.000,0.000,,0,3312126
test,slow_server,1,release_test,s1-t1,,10.215,1.233,SIGTERM,0,3312126
test,slow_server,1,acquire,s1-s1-t1,s1-s1,0.000,0.000,,0,3312127
test,slow_server,1,acquire,s1-s1-t2,s1-s1,0.000,0.000,,0,3312127
test,slow_server,1,acquire,s1-s1-t3,s1-s1,0.000,0.000,,0,3312127
test,slow_server,1,acquire,s1-s1-t4,s1-s1,0.000,0.000,,0,3312127
test,slow_server,1,shutdown_all,,,25.679,8.107,SIGTERM,0,3312127
test,slow_server,1,acquire,s1-s1-t1,s1-s1,0.000,0.000,,0,3312131
test,slow_server,1,acquire,s1-s1-t2,s1-s1,0.000,0.000,,0,3312131
test,slow_server,1,acquire,s1-s1-t3,s1-s1,0.000,0.000,,0,3312131
test,slow_server,1,acquire,s1-s1-t4,s1-s1,0.000,0.000,,0,3312131
test,slow_server,1,shutdown_all,,,8.471,1.146,SIGTERM,0,3312131
test,slow_server,1,acquire,s1-s1-t1,s1-s1,0.000,0.000,,0,3312128
test,slow_server,1,acquire,s1-s1-t2,s1-s1,0.000,0.000,,0,3312128
test,slow_server,1,acquire,s1-s1-t3,s1-s1,0.000,0.000,,0,3312128
test,slow_server,1,acquire,s1-s1-t4,s1-s1,0.000,0.000,,0,3312128
test,slow_server,1,shutdown_all,,,38.291,3.326,SIGTERM,0,3312128
test,slow_server,1,acquire,s1-s1-t1,s1-s1,0.000,0.000,,0,3312130
test,slow_server,1,acquire,s1-s1-t2,s1-s1,0.000,0.000,,0,3312130
test,slow_server,1,acquire,s1-s1-t3,s1-s1,0.000,0.000,,0,3312130
test,slow_server,1,acquire,s1-s1-t4,s1-s1,0.000,0.000,,0,3312130
test,slow_server,1,shutdown_all,,,17.317,1.964,SIGTERM,0,3312130
process,rf_mcp_substitute,4,acquire,s1-s1-t1,s1-s1,0.000,0.000,,0,3312363
process,rf_mcp_substitute,4,acquire,s1-s1-t2,s1-s1,0.000,0.000,,0,3312363
process,rf_mcp_substitute,4,acquire,s1-s1-t3,s1-s1,0.000,0.000,,0,3312363
process,rf_mcp_substitute,4,acquire,s1-s1-t4,s1-s1,0.000,0.000,,0,3312363
process,rf_mcp_substitute,4,shutdown_all,,,31.654,5.409,SIGTERM,0,3312363
process,rf_mcp_substitute,4,acquire,s1-s1-t1,s1-s1,0.000,0.000,,0,3312365
process,rf_mcp_substitute,4,acquire,s1-s1-t2,s1-s1,0.000,0.000,,0,3312365
process,rf_mcp_substitute,4,acquire,s1-s1-t3,s1-s1,0.000,0.000,,0,3312365
process,rf_mcp_substitute,4,acquire,s1-s1-t4,s1-s1,0.000,0.000,,0,3312365
process,rf_mcp_substitute,4,shutdown_all,,,63.432,8.411,SIGTERM,0,3312365
process,rf_mcp_substitute,4,acquire,s1-s1-t1,s1-s1,0.000,0.000,,0,3312364
process,rf_mcp_substitute,4,acquire,s1-s1-t2,s1-s1,0.000,0.000,,0,3312364
process,rf_mcp_substitute,4,acquire,s1-s1-t3,s1-s1,0.000,0.000,,0,3312364
process,rf_mcp_substitute,4,acquire,s1-s1-t4,s1-s1,0.000,0.000,,0,3312364
process,rf_mcp_substitute,4,shutdown_all,,,31.598,6.201,SIGTERM,0,3312364
process,rf_mcp_substitute,4,acquire,s1-s1-t1,s1-s1,0.000,0.000,,0,3312362
process,rf_mcp_substitute,4,acquire,s1-s1-t2,s1-s1,0.000,0.000,,0,3312362
process,rf_mcp_substitute,4,acquire,s1-s1-t3,s1-s1,0.000,0.000,,0,3312362
process,rf_mcp_substitute,4,acquire,s1-s1-t4,s1-s1,0.000,0.000,,0,3312362
process,rf_mcp_substitute,4,shutdown_all,,,31.222,3.722,SIGTERM,0,3312362
process,rf_mcp_substitute,4,acquire,s1-t1,s1,0.000,0.000,,0,3312367
process,rf_mcp_substitute,4,release_test,s1-t1,,13.409,3.641,SIGTERM,0,3312367
process,rf_mcp_substitute,4,acquire,s1-t1,s1,0.000,0.000,,0,3312373
process,rf_mcp_substitute,4,release_test,s1-t1,,4.774,1.212,SIGTERM,0,3312373
process,rf_mcp_substitute,4,acquire,s1-t1,s1,0.000,0.000,,0,3312372
process,rf_mcp_substitute,4,release_test,s1-t1,,5.897,1.469,SIGTERM,0,3312372
process,rf_mcp_substitute,4,acquire,s1-t1,s1,0.000,0.000,,0,3312366
process,rf_mcp_substitute,4,release_test,s1-t1,,7.630,5.222,SIGTERM,0,3312366
process,rf_mcp_substitute,4,acquire,s1-t1,s1,0.000,0.000,,0,3312371
process,rf_mcp_substitute,4,release_test,s1-t1,,3.228,1.219,SIGTERM,0,3312371
process,rf_mcp_substitute,4,acquire,s1-t1,s1,0.000,0.000,,0,3312368
process,rf_mcp_substitute,4,release_test,s1-t1,,10.702,7.892,SIGTERM,0,3312368
process,rf_mcp_substitute,4,acquire,s1-t1,s1,0.000,0.000,,0,3312369
process,rf_mcp_substitute,4,release_test,s1-t1,,3.537,1.230,SIGTERM,0,3312369
process,rf_mcp_substitute,4,acquire,s1-t1,s1,0.000,0.000,,0,3312370
process,rf_mcp_substitute,4,release_test,s1-t1,,3.080,1.197,SIGTERM,0,3312370
process,rf_mcp_substitute,5,acquire,s1-s1-t1,s1-s1,0.000,0.000,,0,3312534
process,rf_mcp_substitute,5,acquire,s1-s1-t2,s1-s1,0.000,0.000,,0,3312534
process,rf_mcp_substitute,5,acquire,s1-s1-t3,s1-s1,0.000,0.000,,0,3312534
process,rf_mcp_substitute,5,acquire,s1-s1-t4,s1-s1,0.000,0.000,,0,3312534
process,rf_mcp_substitute,5,shutdown_all,,,11.979,1.183,SIGTERM,0,3312534
process,rf_mcp_substitute,5,acquire,s1-s1-t1,s1-s1,0.000,0.000,,0,3312533
process,rf_mcp_substitute,5,acquire,s1-s1-t2,s1-s1,0.000,0.000,,0,3312533
process,rf_mcp_substitute,5,acquire,s1-s1-t3,s1-s1,0.000,0.000,,0,3312533
process,rf_mcp_substitute,5,acquire,s1-s1-t4,s1-s1,0.000,0.000,,0,3312533
process,rf_mcp_substitute,5,shutdown_all,,,12.671,1.182,SIGTERM,0,3312533
process,rf_mcp_substitute,5,acquire,s1-s1-t1,s1-s1,0.000,0.000,,0,3312535
process,rf_mcp_substitute,5,acquire,s1-s1-t2,s1-s1,0.000,0.000,,0,3312535
process,rf_mcp_substitute,5,acquire,s1-s1-t3,s1-s1,0.000,0.000,,0,3312535
process,rf_mcp_substitute,5,acquire,s1-s1-t4,s1-s1,0.000,0.000,,0,3312535
process,rf_mcp_substitute,5,shutdown_all,,,13.039,1.195,SIGTERM,0,3312535
process,rf_mcp_substitute,5,acquire,s1-s1-t1,s1-s1,0.000,0.000,,0,3312536
process,rf_mcp_substitute,5,acquire,s1-s1-t2,s1-s1,0.000,0.000,,0,3312536
process,rf_mcp_substitute,5,acquire,s1-s1-t3,s1-s1,0.000,0.000,,0,3312536
process,rf_mcp_substitute,5,acquire,s1-s1-t4,s1-s1,0.000,0.000,,0,3312536
process,rf_mcp_substitute,5,shutdown_all,,,13.589,1.199,SIGTERM,0,3312536
process,slow_server,1,acquire,s1-s1-t1,s1-s1,0.000,0.000,,0,3312667
process,slow_server,1,acquire,s1-s1-t2,s1-s1,0.000,0.000,,0,3312667
process,slow_server,1,acquire,s1-s1-t3,s1-s1,0.000,0.000,,0,3312667
process,slow_server,1,acquire,s1-s1-t4,s1-s1,0.000,0.000,,0,3312667
process,slow_server,1,shutdown_all,,,15.364,1.212,SIGTERM,0,3312667
process,slow_server,1,acquire,s1-s1-t1,s1-s1,0.000,0.000,,0,3312670
process,slow_server,1,acquire,s1-s1-t2,s1-s1,0.000,0.000,,0,3312670
process,slow_server,1,acquire,s1-s1-t3,s1-s1,0.000,0.000,,0,3312670
process,slow_server,1,acquire,s1-s1-t4,s1-s1,0.000,0.000,,0,3312670
process,slow_server,1,shutdown_all,,,17.762,1.237,SIGTERM,0,3312670
process,slow_server,1,acquire,s1-s1-t1,s1-s1,0.000,0.000,,0,3312668
process,slow_server,1,acquire,s1-s1-t2,s1-s1,0.000,0.000,,0,3312668
process,slow_server,1,acquire,s1-s1-t3,s1-s1,0.000,0.000,,0,3312668
process,slow_server,1,acquire,s1-s1-t4,s1-s1,0.000,0.000,,0,3312668
process,slow_server,1,shutdown_all,,,16.206,1.193,SIGTERM,0,3312668
process,slow_server,1,acquire,s1-s1-t1,s1-s1,0.000,0.000,,0,3312669
process,slow_server,1,acquire,s1-s1-t2,s1-s1,0.000,0.000,,0,3312669
process,slow_server,1,acquire,s1-s1-t3,s1-s1,0.000,0.000,,0,3312669
process,slow_server,1,acquire,s1-s1-t4,s1-s1,0.000,0.000,,0,3312669
process,slow_server,1,shutdown_all,,,12.262,3.301,SIGTERM,0,3312669
test,slow_server,3,acquire,s1-t1,s1,0.000,0.000,,0,3312834
test,slow_server,3,release_test,s1-t1,,6.619,1.368,SIGTERM,0,3312834
test,slow_server,3,acquire,s1-t1,s1,0.000,0.000,,0,3312832
test,slow_server,3,release_test,s1-t1,,3.326,1.202,SIGTERM,0,3312832
test,slow_server,3,acquire,s1-t1,s1,0.000,0.000,,0,3312831
test,slow_server,3,release_test,s1-t1,,3.700,1.198,SIGTERM,0,3312831
test,slow_server,3,acquire,s1-t1,s1,0.000,0.000,,0,3312833
test,slow_server,3,release_test,s1-t1,,3.528,1.200,SIGTERM,0,3312833
test,slow_server,4,acquire,s1-t1,s1,0.000,0.000,,0,3313012
test,slow_server,4,release_test,s1-t1,,7.097,3.878,SIGTERM,0,3313012
test,slow_server,4,acquire,s1-t1,s1,0.000,0.000,,0,3313010
test,slow_server,4,release_test,s1-t1,,6.359,6.381,SIGTERM,0,3313010
test,slow_server,4,acquire,s1-t1,s1,0.000,0.000,,0,3313015
test,slow_server,4,release_test,s1-t1,,6.837,3.113,SIGTERM,0,3313015
test,slow_server,4,acquire,s1-t1,s1,0.000,0.000,,0,3313013
test,slow_server,4,release_test,s1-t1,,6.779,6.229,SIGTERM,0,3313013
test,slow_server,4,acquire,s1-t1,s1,0.000,0.000,,0,3313014
test,slow_server,4,release_test,s1-t1,,7.014,1.211,SIGTERM,0,3313014
test,slow_server,4,acquire,s1-t1,s1,0.000,0.000,,0,3313008
test,slow_server,4,release_test,s1-t1,,9.516,1.196,SIGTERM,0,3313008
test,slow_server,4,acquire,s1-t1,s1,0.000,0.000,,0,3313011
test,slow_server,4,release_test,s1-t1,,6.616,1.237,SIGTERM,0,3313011
test,slow_server,4,acquire,s1-t1,s1,0.000,0.000,,0,3313009
test,slow_server,4,release_test,s1-t1,,5.366,9.538,SIGTERM,0,3313009
test,slow_server,5,acquire,s1-t1,s1,0.000,0.000,,0,3313229
test,slow_server,5,release_test,s1-t1,,9.704,7.432,SIGTERM,0,3313229
test,slow_server,5,acquire,s1-t1,s1,0.000,0.000,,0,3313235
test,slow_server,5,release_test,s1-t1,,2.915,1.187,SIGTERM,0,3313235
test,slow_server,5,acquire,s1-t1,s1,0.000,0.000,,0,3313230
test,slow_server,5,release_test,s1-t1,,6.606,1.215,SIGTERM,0,3313230
test,slow_server,5,acquire,s1-t1,s1,0.000,0.000,,0,3313236
test,slow_server,5,release_test,s1-t1,,3.038,1.201,SIGTERM,0,3313236
test,slow_server,5,acquire,s1-t1,s1,0.000,0.000,,0,3313231
test,slow_server,5,release_test,s1-t1,,6.893,5.722,SIGTERM,0,3313231
test,slow_server,5,acquire,s1-t1,s1,0.000,0.000,,0,3313234
test,slow_server,5,release_test,s1-t1,,3.346,1.221,SIGTERM,0,3313234
test,slow_server,5,acquire,s1-t1,s1,0.000,0.000,,0,3313233
test,slow_server,5,release_test,s1-t1,,6.469,4.550,SIGTERM,0,3313233
test,slow_server,5,acquire,s1-t1,s1,0.000,0.000,,0,3313232
test,slow_server,5,release_test,s1-t1,,7.832,1.225,SIGTERM,0,3313232
test,slow_server,5,acquire,s1-t1,s1,0.000,0.000,,0,3313297
test,slow_server,5,release_test,s1-t1,,6.894,3.450,SIGTERM,0,3313297
test,slow_server,5,acquire,s1-t1,s1,0.000,0.000,,0,3313323
test,slow_server,5,release_test,s1-t1,,4.464,4.314,SIGTERM,0,3313323
test,slow_server,5,acquire,s1-t1,s1,0.000,0.000,,0,3313325
test,slow_server,5,release_test,s1-t1,,15.599,1.388,SIGTERM,0,3313325
test,slow_server,5,acquire,s1-t1,s1,0.000,0.000,,0,3313319
test,slow_server,5,release_test,s1-t1,,8.582,3.861,SIGTERM,0,3313319
test,slow_server,5,acquire,s1-t1,s1,0.000,0.000,,0,3313324
test,slow_server,5,release_test,s1-t1,,7.904,6.941,SIGTERM,0,3313324
test,slow_server,5,acquire,s1-t1,s1,0.000,0.000,,0,3313326
test,slow_server,5,release_test,s1-t1,,3.298,1.267,SIGTERM,0,3313326
test,slow_server,5,acquire,s1-t1,s1,0.000,0.000,,0,3313327
test,slow_server,5,release_test,s1-t1,,3.209,1.199,SIGTERM,0,3313327
test,slow_server,5,acquire,s1-t1,s1,0.000,0.000,,0,3313328
test,slow_server,5,release_test,s1-t1,,3.208,1.222,SIGTERM,0,3313328
test,slow_server,5,acquire,s1-s1-t1,s1-s1,0.000,0.000,,0,3313330
test,slow_server,5,acquire,s1-s1-t2,s1-s1,0.000,0.000,,0,3313330
test,slow_server,5,acquire,s1-s1-t3,s1-s1,0.000,0.000,,0,3313330
test,slow_server,5,acquire,s1-s1-t4,s1-s1,0.000,0.000,,0,3313330
test,slow_server,5,shutdown_all,,,13.087,1.190,SIGTERM,0,3313330
test,slow_server,5,acquire,s1-s1-t1,s1-s1,0.000,0.000,,0,3313329
test,slow_server,5,acquire,s1-s1-t2,s1-s1,0.000,0.000,,0,3313329
test,slow_server,5,acquire,s1-s1-t3,s1-s1,0.000,0.000,,0,3313329
test,slow_server,5,acquire,s1-s1-t4,s1-s1,0.000,0.000,,0,3313329
test,slow_server,5,shutdown_all,,,11.904,1.168,SIGTERM,0,3313329
test,slow_server,5,acquire,s1-s1-t1,s1-s1,0.000,0.000,,0,3313331
test,slow_server,5,acquire,s1-s1-t2,s1-s1,0.000,0.000,,0,3313331
test,slow_server,5,acquire,s1-s1-t3,s1-s1,0.000,0.000,,0,3313331
test,slow_server,5,acquire,s1-s1-t4,s1-s1,0.000,0.000,,0,3313331
test,slow_server,5,shutdown_all,,,12.243,1.181,SIGTERM,0,3313331
test,slow_server,5,acquire,s1-s1-t1,s1-s1,0.000,0.000,,0,3313332
test,slow_server,5,acquire,s1-s1-t2,s1-s1,0.000,0.000,,0,3313332
test,slow_server,5,acquire,s1-s1-t3,s1-s1,0.000,0.000,,0,3313332
test,slow_server,5,acquire,s1-s1-t4,s1-s1,0.000,0.000,,0,3313332
test,slow_server,5,shutdown_all,,,12.068,1.148,SIGTERM,0,3313332
process,slow_server,5,acquire,s1-s1-t1,s1-s1,0.000,0.000,,0,3313520
process,slow_server,5,acquire,s1-s1-t2,s1-s1,0.000,0.000,,0,3313520
process,slow_server,5,acquire,s1-s1-t3,s1-s1,0.000,0.000,,0,3313520
process,slow_server,5,acquire,s1-s1-t4,s1-s1,0.000,0.000,,0,3313520
process,slow_server,5,release_suite,,s1-s1,8.797,1.205,SIGTERM,0,3313520
process,slow_server,5,acquire,s1-s1-t1,s1-s1,0.000,0.000,,0,3313517
process,slow_server,5,acquire,s1-s1-t2,s1-s1,0.000,0.000,,0,3313517
process,slow_server,5,acquire,s1-s1-t3,s1-s1,0.000,0.000,,0,3313517
process,slow_server,5,acquire,s1-s1-t4,s1-s1,0.000,0.000,,0,3313517
process,slow_server,5,release_suite,,s1-s1,10.644,1.180,SIGTERM,0,3313517
process,slow_server,5,acquire,s1-s1-t1,s1-s1,0.000,0.000,,0,3313518
process,slow_server,5,acquire,s1-s1-t2,s1-s1,0.000,0.000,,0,3313518
process,slow_server,5,acquire,s1-s1-t3,s1-s1,0.000,0.000,,0,3313518
process,slow_server,5,acquire,s1-s1-t4,s1-s1,0.000,0.000,,0,3313518
process,slow_server,5,release_suite,,s1-s1,15.467,1.196,SIGTERM,0,3313518
process,slow_server,5,acquire,s1-s1-t1,s1-s1,0.000,0.000,,0,3313519
process,slow_server,5,acquire,s1-s1-t2,s1-s1,0.000,0.000,,0,3313519
process,slow_server,5,acquire,s1-s1-t3,s1-s1,0.000,0.000,,0,3313519
process,slow_server,5,acquire,s1-s1-t4,s1-s1,0.000,0.000,,0,3313519
process,slow_server,5,release_suite,,s1-s1,9.957,1.322,SIGTERM,0,3313519
suite,echo_server,2,acquire,s1-s1-t1,s1-s1,0.000,0.000,,0,3313645
suite,echo_server,2,acquire,s1-s1-t2,s1-s1,0.000,0.000,,0,3313645
suite,echo_server,2,acquire,s1-s1-t3,s1-s1,0.000,0.000,,0,3313645
suite,echo_server,2,acquire,s1-s1-t4,s1-s1,0.000,0.000,,0,3313645
suite,echo_server,2,release_suite,,s1-s1,10.225,1.191,SIGTERM,0,3313645
suite,echo_server,2,acquire,s1-s1-t1,s1-s1,0.000,0.000,,0,3313646
suite,echo_server,2,acquire,s1-s1-t2,s1-s1,0.000,0.000,,0,3313646
suite,echo_server,2,acquire,s1-s1-t3,s1-s1,0.000,0.000,,0,3313646
suite,echo_server,2,acquire,s1-s1-t4,s1-s1,0.000,0.000,,0,3313646
suite,echo_server,2,release_suite,,s1-s1,10.610,1.205,SIGTERM,0,3313646
suite,echo_server,2,acquire,s1-s1-t1,s1-s1,0.000,0.000,,0,3313648
suite,echo_server,2,acquire,s1-s1-t2,s1-s1,0.000,0.000,,0,3313648
suite,echo_server,2,acquire,s1-s1-t3,s1-s1,0.000,0.000,,0,3313648
suite,echo_server,2,acquire,s1-s1-t4,s1-s1,0.000,0.000,,0,3313648
suite,echo_server,2,release_suite,,s1-s1,10.209,1.404,SIGTERM,0,3313648
suite,echo_server,2,acquire,s1-s1-t1,s1-s1,0.000,0.000,,0,3313647
suite,echo_server,2,acquire,s1-s1-t2,s1-s1,0.000,0.000,,0,3313647
suite,echo_server,2,acquire,s1-s1-t3,s1-s1,0.000,0.000,,0,3313647
suite,echo_server,2,acquire,s1-s1-t4,s1-s1,0.000,0.000,,0,3313647
suite,echo_server,2,release_suite,,s1-s1,10.190,1.166,SIGTERM,0,3313647
suite,echo_server,3,acquire,s1-s1-t1,s1-s1,0.000,0.000,,0,3313757
suite,echo_server,3,acquire,s1-s1-t2,s1-s1,0.000,0.000,,0,3313757
suite,echo_server,3,acquire,s1-s1-t3,s1-s1,0.000,0.000,,0,3313757
suite,echo_server,3,acquire,s1-s1-t4,s1-s1,0.000,0.000,,0,3313757
suite,echo_server,3,release_suite,,s1-s1,9.615,1.186,SIGTERM,0,3313757
suite,echo_server,3,acquire,s1-s1-t1,s1-s1,0.000,0.000,,0,3313759
suite,echo_server,3,acquire,s1-s1-t2,s1-s1,0.000,0.000,,0,3313759
suite,echo_server,3,acquire,s1-s1-t3,s1-s1,0.000,0.000,,0,3313759
suite,echo_server,3,acquire,s1-s1-t4,s1-s1,0.000,0.000,,0,3313759
suite,echo_server,3,release_suite,,s1-s1,10.031,1.194,SIGTERM,0,3313759
suite,echo_server,3,acquire,s1-s1-t1,s1-s1,0.000,0.000,,0,3313758
suite,echo_server,3,acquire,s1-s1-t2,s1-s1,0.000,0.000,,0,3313758
suite,echo_server,3,acquire,s1-s1-t3,s1-s1,0.000,0.000,,0,3313758
suite,echo_server,3,acquire,s1-s1-t4,s1-s1,0.000,0.000,,0,3313758
suite,echo_server,3,release_suite,,s1-s1,9.952,1.206,SIGTERM,0,3313758
suite,echo_server,3,acquire,s1-s1-t1,s1-s1,0.000,0.000,,0,3313760
suite,echo_server,3,acquire,s1-s1-t2,s1-s1,0.000,0.000,,0,3313760
suite,echo_server,3,acquire,s1-s1-t3,s1-s1,0.000,0.000,,0,3313760
suite,echo_server,3,acquire,s1-s1-t4,s1-s1,0.000,0.000,,0,3313760
suite,echo_server,3,release_suite,,s1-s1,10.019,1.204,SIGTERM,0,3313760
suite,echo_server,4,acquire,s1-s1-t1,s1-s1,0.000,0.000,,0,3313858
suite,echo_server,4,acquire,s1-s1-t2,s1-s1,0.000,0.000,,0,3313858
suite,echo_server,4,acquire,s1-s1-t3,s1-s1,0.000,0.000,,0,3313858
suite,echo_server,4,acquire,s1-s1-t4,s1-s1,0.000,0.000,,0,3313858
suite,echo_server,4,release_suite,,s1-s1,9.643,1.174,SIGTERM,0,3313858
suite,echo_server,4,acquire,s1-s1-t1,s1-s1,0.000,0.000,,0,3313860
suite,echo_server,4,acquire,s1-s1-t2,s1-s1,0.000,0.000,,0,3313860
suite,echo_server,4,acquire,s1-s1-t3,s1-s1,0.000,0.000,,0,3313860
suite,echo_server,4,acquire,s1-s1-t4,s1-s1,0.000,0.000,,0,3313860
suite,echo_server,4,release_suite,,s1-s1,8.499,1.165,SIGTERM,0,3313860
suite,echo_server,4,acquire,s1-s1-t1,s1-s1,0.000,0.000,,0,3313859
suite,echo_server,4,acquire,s1-s1-t2,s1-s1,0.000,0.000,,0,3313859
suite,echo_server,4,acquire,s1-s1-t3,s1-s1,0.000,0.000,,0,3313859
suite,echo_server,4,acquire,s1-s1-t4,s1-s1,0.000,0.000,,0,3313859
suite,echo_server,4,release_suite,,s1-s1,9.574,1.184,SIGTERM,0,3313859
suite,echo_server,4,acquire,s1-s1-t1,s1-s1,0.000,0.000,,0,3313861
suite,echo_server,4,acquire,s1-s1-t2,s1-s1,0.000,0.000,,0,3313861
suite,echo_server,4,acquire,s1-s1-t3,s1-s1,0.000,0.000,,0,3313861
suite,echo_server,4,acquire,s1-s1-t4,s1-s1,0.000,0.000,,0,3313861
suite,echo_server,4,release_suite,,s1-s1,11.078,1.207,SIGTERM,0,3313861
suite,echo_server,5,acquire,s1-s1-t1,s1-s1,0.000,0.000,,0,3314049
suite,echo_server,5,acquire,s1-s1-t2,s1-s1,0.000,0.000,,0,3314049
suite,echo_server,5,acquire,s1-s1-t3,s1-s1,0.000,0.000,,0,3314049
suite,echo_server,5,acquire,s1-s1-t4,s1-s1,0.000,0.000,,0,3314049
suite,echo_server,5,release_suite,,s1-s1,10.794,1.216,SIGTERM,0,3314049
suite,echo_server,5,acquire,s1-s1-t1,s1-s1,0.000,0.000,,0,3314048
suite,echo_server,5,acquire,s1-s1-t2,s1-s1,0.000,0.000,,0,3314048
suite,echo_server,5,acquire,s1-s1-t3,s1-s1,0.000,0.000,,0,3314048
suite,echo_server,5,acquire,s1-s1-t4,s1-s1,0.000,0.000,,0,3314048
suite,echo_server,5,release_suite,,s1-s1,14.668,2.655,SIGTERM,0,3314048
suite,echo_server,5,acquire,s1-s1-t1,s1-s1,0.000,0.000,,0,3314047
suite,echo_server,5,acquire,s1-s1-t2,s1-s1,0.000,0.000,,0,3314047
suite,echo_server,5,acquire,s1-s1-t3,s1-s1,0.000,0.000,,0,3314047
suite,echo_server,5,acquire,s1-s1-t4,s1-s1,0.000,0.000,,0,3314047
suite,echo_server,5,release_suite,,s1-s1,13.309,1.194,SIGTERM,0,3314047
suite,echo_server,5,acquire,s1-s1-t1,s1-s1,0.000,0.000,,0,3314050
suite,echo_server,5,acquire,s1-s1-t2,s1-s1,0.000,0.000,,0,3314050
suite,echo_server,5,acquire,s1-s1-t3,s1-s1,0.000,0.000,,0,3314050
suite,echo_server,5,acquire,s1-s1-t4,s1-s1,0.000,0.000,,0,3314050
suite,echo_server,5,release_suite,,s1-s1,12.656,1.191,SIGTERM,0,3314050
suite,rf_mcp_substitute,1,acquire,s1-s1-t1,s1-s1,0.000,0.000,,0,3314261
suite,rf_mcp_substitute,1,acquire,s1-s1-t2,s1-s1,0.000,0.000,,0,3314261
suite,rf_mcp_substitute,1,acquire,s1-s1-t3,s1-s1,0.000,0.000,,0,3314261
suite,rf_mcp_substitute,1,acquire,s1-s1-t4,s1-s1,0.000,0.000,,0,3314261
suite,rf_mcp_substitute,1,release_suite,,s1-s1,14.219,1.931,SIGTERM,0,3314261
suite,rf_mcp_substitute,1,acquire,s1-s1-t1,s1-s1,0.000,0.000,,0,3314260
suite,rf_mcp_substitute,1,acquire,s1-s1-t2,s1-s1,0.000,0.000,,0,3314260
suite,rf_mcp_substitute,1,acquire,s1-s1-t3,s1-s1,0.000,0.000,,0,3314260
suite,rf_mcp_substitute,1,acquire,s1-s1-t4,s1-s1,0.000,0.000,,0,3314260
suite,rf_mcp_substitute,1,release_suite,,s1-s1,20.010,1.206,SIGTERM,0,3314260
suite,rf_mcp_substitute,1,acquire,s1-s1-t1,s1-s1,0.000,0.000,,0,3314262
suite,rf_mcp_substitute,1,acquire,s1-s1-t2,s1-s1,0.000,0.000,,0,3314262
suite,rf_mcp_substitute,1,acquire,s1-s1-t3,s1-s1,0.000,0.000,,0,3314262
suite,rf_mcp_substitute,1,acquire,s1-s1-t4,s1-s1,0.000,0.000,,0,3314262
suite,rf_mcp_substitute,1,release_suite,,s1-s1,24.143,1.215,SIGTERM,0,3314262
suite,rf_mcp_substitute,1,acquire,s1-s1-t1,s1-s1,0.000,0.000,,0,3314263
suite,rf_mcp_substitute,1,acquire,s1-s1-t2,s1-s1,0.000,0.000,,0,3314263
suite,rf_mcp_substitute,1,acquire,s1-s1-t3,s1-s1,0.000,0.000,,0,3314263
suite,rf_mcp_substitute,1,acquire,s1-s1-t4,s1-s1,0.000,0.000,,0,3314263
suite,rf_mcp_substitute,1,release_suite,,s1-s1,22.138,1.216,SIGTERM,0,3314263
suite,rf_mcp_substitute,2,acquire,s1-s1-t1,s1-s1,0.000,0.000,,0,3314434
suite,rf_mcp_substitute,2,acquire,s1-s1-t2,s1-s1,0.000,0.000,,0,3314434
suite,rf_mcp_substitute,2,acquire,s1-s1-t3,s1-s1,0.000,0.000,,0,3314434
suite,rf_mcp_substitute,2,acquire,s1-s1-t4,s1-s1,0.000,0.000,,0,3314434
suite,rf_mcp_substitute,2,release_suite,,s1-s1,12.555,1.293,SIGTERM,0,3314434
suite,rf_mcp_substitute,2,acquire,s1-s1-t1,s1-s1,0.000,0.000,,0,3314437
suite,rf_mcp_substitute,2,acquire,s1-s1-t2,s1-s1,0.000,0.000,,0,3314437
suite,rf_mcp_substitute,2,acquire,s1-s1-t3,s1-s1,0.000,0.000,,0,3314437
suite,rf_mcp_substitute,2,acquire,s1-s1-t4,s1-s1,0.000,0.000,,0,3314437
suite,rf_mcp_substitute,2,release_suite,,s1-s1,16.549,3.369,SIGTERM,0,3314437
suite,rf_mcp_substitute,2,acquire,s1-s1-t1,s1-s1,0.000,0.000,,0,3314436
suite,rf_mcp_substitute,2,acquire,s1-s1-t2,s1-s1,0.000,0.000,,0,3314436
suite,rf_mcp_substitute,2,acquire,s1-s1-t3,s1-s1,0.000,0.000,,0,3314436
suite,rf_mcp_substitute,2,acquire,s1-s1-t4,s1-s1,0.000,0.000,,0,3314436
suite,rf_mcp_substitute,2,release_suite,,s1-s1,12.873,1.188,SIGTERM,0,3314436
suite,rf_mcp_substitute,2,acquire,s1-s1-t1,s1-s1,0.000,0.000,,0,3314435
suite,rf_mcp_substitute,2,acquire,s1-s1-t2,s1-s1,0.000,0.000,,0,3314435
suite,rf_mcp_substitute,2,acquire,s1-s1-t3,s1-s1,0.000,0.000,,0,3314435
suite,rf_mcp_substitute,2,acquire,s1-s1-t4,s1-s1,0.000,0.000,,0,3314435
suite,rf_mcp_substitute,2,release_suite,,s1-s1,14.338,1.220,SIGTERM,0,3314435
suite,rf_mcp_substitute,3,acquire,s1-s1-t1,s1-s1,0.000,0.000,,0,3314610
suite,rf_mcp_substitute,3,acquire,s1-s1-t2,s1-s1,0.000,0.000,,0,3314610
suite,rf_mcp_substitute,3,acquire,s1-s1-t3,s1-s1,0.000,0.000,,0,3314610
suite,rf_mcp_substitute,3,acquire,s1-s1-t4,s1-s1,0.000,0.000,,0,3314610
suite,rf_mcp_substitute,3,release_suite,,s1-s1,11.288,1.198,SIGTERM,0,3314610
suite,rf_mcp_substitute,3,acquire,s1-s1-t1,s1-s1,0.000,0.000,,0,3314611
suite,rf_mcp_substitute,3,acquire,s1-s1-t2,s1-s1,0.000,0.000,,0,3314611
suite,rf_mcp_substitute,3,acquire,s1-s1-t3,s1-s1,0.000,0.000,,0,3314611
suite,rf_mcp_substitute,3,acquire,s1-s1-t4,s1-s1,0.000,0.000,,0,3314611
suite,rf_mcp_substitute,3,release_suite,,s1-s1,18.211,3.338,SIGTERM,0,3314611
suite,rf_mcp_substitute,3,acquire,s1-s1-t1,s1-s1,0.000,0.000,,0,3314612
suite,rf_mcp_substitute,3,acquire,s1-s1-t2,s1-s1,0.000,0.000,,0,3314612
suite,rf_mcp_substitute,3,acquire,s1-s1-t3,s1-s1,0.000,0.000,,0,3314612
suite,rf_mcp_substitute,3,acquire,s1-s1-t4,s1-s1,0.000,0.000,,0,3314612
suite,rf_mcp_substitute,3,release_suite,,s1-s1,14.091,3.344,SIGTERM,0,3314612
suite,rf_mcp_substitute,3,acquire,s1-s1-t1,s1-s1,0.000,0.000,,0,3314613
suite,rf_mcp_substitute,3,acquire,s1-s1-t2,s1-s1,0.000,0.000,,0,3314613
suite,rf_mcp_substitute,3,acquire,s1-s1-t3,s1-s1,0.000,0.000,,0,3314613
suite,rf_mcp_substitute,3,acquire,s1-s1-t4,s1-s1,0.000,0.000,,0,3314613
suite,rf_mcp_substitute,3,release_suite,,s1-s1,23.719,1.239,SIGTERM,0,3314613
suite,rf_mcp_substitute,4,acquire,s1-s1-t1,s1-s1,0.000,0.000,,0,3314772
suite,rf_mcp_substitute,4,acquire,s1-s1-t2,s1-s1,0.000,0.000,,0,3314772
suite,rf_mcp_substitute,4,acquire,s1-s1-t3,s1-s1,0.000,0.000,,0,3314772
suite,rf_mcp_substitute,4,acquire,s1-s1-t4,s1-s1,0.000,0.000,,0,3314772
suite,rf_mcp_substitute,4,release_suite,,s1-s1,9.808,1.193,SIGTERM,0,3314772
suite,rf_mcp_substitute,4,acquire,s1-s1-t1,s1-s1,0.000,0.000,,0,3314774
suite,rf_mcp_substitute,4,acquire,s1-s1-t2,s1-s1,0.000,0.000,,0,3314774
suite,rf_mcp_substitute,4,acquire,s1-s1-t3,s1-s1,0.000,0.000,,0,3314774
suite,rf_mcp_substitute,4,acquire,s1-s1-t4,s1-s1,0.000,0.000,,0,3314774
suite,rf_mcp_substitute,4,release_suite,,s1-s1,15.596,1.225,SIGTERM,0,3314774
suite,rf_mcp_substitute,4,acquire,s1-s1-t1,s1-s1,0.000,0.000,,0,3314773
suite,rf_mcp_substitute,4,acquire,s1-s1-t2,s1-s1,0.000,0.000,,0,3314773
suite,rf_mcp_substitute,4,acquire,s1-s1-t3,s1-s1,0.000,0.000,,0,3314773
suite,rf_mcp_substitute,4,acquire,s1-s1-t4,s1-s1,0.000,0.000,,0,3314773
suite,rf_mcp_substitute,4,release_suite,,s1-s1,9.505,1.185,SIGTERM,0,3314773
suite,rf_mcp_substitute,4,acquire,s1-s1-t1,s1-s1,0.000,0.000,,0,3314775
suite,rf_mcp_substitute,4,acquire,s1-s1-t2,s1-s1,0.000,0.000,,0,3314775
suite,rf_mcp_substitute,4,acquire,s1-s1-t3,s1-s1,0.000,0.000,,0,3314775
suite,rf_mcp_substitute,4,acquire,s1-s1-t4,s1-s1,0.000,0.000,,0,3314775
suite,rf_mcp_substitute,4,release_suite,,s1-s1,9.763,3.303,SIGTERM,0,3314775
suite,rf_mcp_substitute,5,acquire,s1-s1-t1,s1-s1,0.000,0.000,,0,3314883
suite,rf_mcp_substitute,5,acquire,s1-s1-t2,s1-s1,0.000,0.000,,0,3314883
suite,rf_mcp_substitute,5,acquire,s1-s1-t3,s1-s1,0.000,0.000,,0,3314883
suite,rf_mcp_substitute,5,acquire,s1-s1-t4,s1-s1,0.000,0.000,,0,3314883
suite,rf_mcp_substitute,5,release_suite,,s1-s1,10.049,1.203,SIGTERM,0,3314883
suite,rf_mcp_substitute,5,acquire,s1-s1-t1,s1-s1,0.000,0.000,,0,3314884
suite,rf_mcp_substitute,5,acquire,s1-s1-t2,s1-s1,0.000,0.000,,0,3314884
suite,rf_mcp_substitute,5,acquire,s1-s1-t3,s1-s1,0.000,0.000,,0,3314884
suite,rf_mcp_substitute,5,acquire,s1-s1-t4,s1-s1,0.000,0.000,,0,3314884
suite,rf_mcp_substitute,5,release_suite,,s1-s1,10.135,1.211,SIGTERM,0,3314884
suite,rf_mcp_substitute,5,acquire,s1-s1-t1,s1-s1,0.000,0.000,,0,3314881
suite,rf_mcp_substitute,5,acquire,s1-s1-t2,s1-s1,0.000,0.000,,0,3314881
suite,rf_mcp_substitute,5,acquire,s1-s1-t3,s1-s1,0.000,0.000,,0,3314881
suite,rf_mcp_substitute,5,acquire,s1-s1-t4,s1-s1,0.000,0.000,,0,3314881
suite,rf_mcp_substitute,5,release_suite,,s1-s1,10.765,1.191,SIGTERM,0,3314881
suite,rf_mcp_substitute,5,acquire,s1-s1-t1,s1-s1,0.000,0.000,,0,3314882
suite,rf_mcp_substitute,5,acquire,s1-s1-t2,s1-s1,0.000,0.000,,0,3314882
suite,rf_mcp_substitute,5,acquire,s1-s1-t3,s1-s1,0.000,0.000,,0,3314882
suite,rf_mcp_substitute,5,acquire,s1-s1-t4,s1-s1,0.000,0.000,,0,3314882
suite,rf_mcp_substitute,5,release_suite,,s1-s1,10.481,1.180,SIGTERM,0,3314882
suite,slow_server,1,acquire,s1-s1-t1,s1-s1,0.000,0.000,,0,3315050
suite,slow_server,1,acquire,s1-s1-t2,s1-s1,0.000,0.000,,0,3315050
suite,slow_server,1,acquire,s1-s1-t3,s1-s1,0.000,0.000,,0,3315050
suite,slow_server,1,acquire,s1-s1-t4,s1-s1,0.000,0.000,,0,3315050
suite,slow_server,1,release_suite,,s1-s1,11.464,1.209,SIGTERM,0,3315050
suite,slow_server,1,acquire,s1-s1-t1,s1-s1,0.000,0.000,,0,3315049
suite,slow_server,1,acquire,s1-s1-t2,s1-s1,0.000,0.000,,0,3315049
suite,slow_server,1,acquire,s1-s1-t3,s1-s1,0.000,0.000,,0,3315049
suite,slow_server,1,acquire,s1-s1-t4,s1-s1,0.000,0.000,,0,3315049
suite,slow_server,1,release_suite,,s1-s1,10.927,3.953,SIGTERM,0,3315049
suite,slow_server,1,acquire,s1-s1-t1,s1-s1,0.000,0.000,,0,3315051
suite,slow_server,1,acquire,s1-s1-t2,s1-s1,0.000,0.000,,0,3315051
suite,slow_server,1,acquire,s1-s1-t3,s1-s1,0.000,0.000,,0,3315051
suite,slow_server,1,acquire,s1-s1-t4,s1-s1,0.000,0.000,,0,3315051
suite,slow_server,1,release_suite,,s1-s1,9.461,1.168,SIGTERM,0,3315051
suite,slow_server,1,acquire,s1-s1-t1,s1-s1,0.000,0.000,,0,3315052
suite,slow_server,1,acquire,s1-s1-t2,s1-s1,0.000,0.000,,0,3315052
suite,slow_server,1,acquire,s1-s1-t3,s1-s1,0.000,0.000,,0,3315052
suite,slow_server,1,acquire,s1-s1-t4,s1-s1,0.000,0.000,,0,3315052
suite,slow_server,1,release_suite,,s1-s1,6.489,1.143,SIGTERM,0,3315052
suite,slow_server,2,acquire,s1-s1-t1,s1-s1,0.000,0.000,,0,3315193
suite,slow_server,2,acquire,s1-s1-t2,s1-s1,0.000,0.000,,0,3315193
suite,slow_server,2,acquire,s1-s1-t3,s1-s1,0.000,0.000,,0,3315193
suite,slow_server,2,acquire,s1-s1-t4,s1-s1,0.000,0.000,,0,3315193
suite,slow_server,2,release_suite,,s1-s1,9.742,1.178,SIGTERM,0,3315193
suite,slow_server,2,acquire,s1-s1-t1,s1-s1,0.000,0.000,,0,3315192
suite,slow_server,2,acquire,s1-s1-t2,s1-s1,0.000,0.000,,0,3315192
suite,slow_server,2,acquire,s1-s1-t3,s1-s1,0.000,0.000,,0,3315192
suite,slow_server,2,acquire,s1-s1-t4,s1-s1,0.000,0.000,,0,3315192
suite,slow_server,2,release_suite,,s1-s1,9.679,1.187,SIGTERM,0,3315192
suite,slow_server,2,acquire,s1-s1-t1,s1-s1,0.000,0.000,,0,3315194
suite,slow_server,2,acquire,s1-s1-t2,s1-s1,0.000,0.000,,0,3315194
suite,slow_server,2,acquire,s1-s1-t3,s1-s1,0.000,0.000,,0,3315194
suite,slow_server,2,acquire,s1-s1-t4,s1-s1,0.000,0.000,,0,3315194
suite,slow_server,2,release_suite,,s1-s1,10.048,1.210,SIGTERM,0,3315194
suite,slow_server,2,acquire,s1-s1-t1,s1-s1,0.000,0.000,,0,3315196
suite,slow_server,2,acquire,s1-s1-t2,s1-s1,0.000,0.000,,0,3315196
suite,slow_server,2,acquire,s1-s1-t3,s1-s1,0.000,0.000,,0,3315196
suite,slow_server,2,acquire,s1-s1-t4,s1-s1,0.000,0.000,,0,3315196
suite,slow_server,2,release_suite,,s1-s1,10.102,1.197,SIGTERM,0,3315196
suite,slow_server,3,acquire,s1-s1-t1,s1-s1,0.000,0.000,,0,3315372
suite,slow_server,3,acquire,s1-s1-t2,s1-s1,0.000,0.000,,0,3315372
suite,slow_server,3,acquire,s1-s1-t3,s1-s1,0.000,0.000,,0,3315372
suite,slow_server,3,acquire,s1-s1-t4,s1-s1,0.000,0.000,,0,3315372
suite,slow_server,3,release_suite,,s1-s1,12.001,1.204,SIGTERM,0,3315372
suite,slow_server,3,acquire,s1-s1-t1,s1-s1,0.000,0.000,,0,3315387
suite,slow_server,3,acquire,s1-s1-t2,s1-s1,0.000,0.000,,0,3315387
suite,slow_server,3,acquire,s1-s1-t3,s1-s1,0.000,0.000,,0,3315387
suite,slow_server,3,acquire,s1-s1-t4,s1-s1,0.000,0.000,,0,3315387
suite,slow_server,3,release_suite,,s1-s1,6.782,1.163,SIGTERM,0,3315387
suite,slow_server,3,acquire,s1-s1-t1,s1-s1,0.000,0.000,,0,3315379
suite,slow_server,3,acquire,s1-s1-t2,s1-s1,0.000,0.000,,0,3315379
suite,slow_server,3,acquire,s1-s1-t3,s1-s1,0.000,0.000,,0,3315379
suite,slow_server,3,acquire,s1-s1-t4,s1-s1,0.000,0.000,,0,3315379
suite,slow_server,3,release_suite,,s1-s1,11.390,1.181,SIGTERM,0,3315379
suite,slow_server,3,acquire,s1-s1-t1,s1-s1,0.000,0.000,,0,3315380
suite,slow_server,3,acquire,s1-s1-t2,s1-s1,0.000,0.000,,0,3315380
suite,slow_server,3,acquire,s1-s1-t3,s1-s1,0.000,0.000,,0,3315380
suite,slow_server,3,acquire,s1-s1-t4,s1-s1,0.000,0.000,,0,3315380
suite,slow_server,3,release_suite,,s1-s1,10.658,3.324,SIGTERM,0,3315380
suite,slow_server,4,acquire,s1-s1-t1,s1-s1,0.000,0.000,,0,3315563
suite,slow_server,4,acquire,s1-s1-t2,s1-s1,0.000,0.000,,0,3315563
suite,slow_server,4,acquire,s1-s1-t3,s1-s1,0.000,0.000,,0,3315563
suite,slow_server,4,acquire,s1-s1-t4,s1-s1,0.000,0.000,,0,3315563
suite,slow_server,4,release_suite,,s1-s1,9.229,1.196,SIGTERM,0,3315563
suite,slow_server,4,acquire,s1-s1-t1,s1-s1,0.000,0.000,,0,3315564
suite,slow_server,4,acquire,s1-s1-t2,s1-s1,0.000,0.000,,0,3315564
suite,slow_server,4,acquire,s1-s1-t3,s1-s1,0.000,0.000,,0,3315564
suite,slow_server,4,acquire,s1-s1-t4,s1-s1,0.000,0.000,,0,3315564
suite,slow_server,4,release_suite,,s1-s1,9.707,1.175,SIGTERM,0,3315564
suite,slow_server,4,acquire,s1-s1-t1,s1-s1,0.000,0.000,,0,3315566
suite,slow_server,4,acquire,s1-s1-t2,s1-s1,0.000,0.000,,0,3315566
suite,slow_server,4,acquire,s1-s1-t3,s1-s1,0.000,0.000,,0,3315566
suite,slow_server,4,acquire,s1-s1-t4,s1-s1,0.000,0.000,,0,3315566
suite,slow_server,4,release_suite,,s1-s1,9.902,1.192,SIGTERM,0,3315566
suite,slow_server,4,acquire,s1-s1-t1,s1-s1,0.000,0.000,,0,3315565
suite,slow_server,4,acquire,s1-s1-t2,s1-s1,0.000,0.000,,0,3315565
suite,slow_server,4,acquire,s1-s1-t3,s1-s1,0.000,0.000,,0,3315565
suite,slow_server,4,acquire,s1-s1-t4,s1-s1,0.000,0.000,,0,3315565
suite,slow_server,4,release_suite,,s1-s1,9.716,1.172,SIGTERM,0,3315565
suite,slow_server,5,acquire,s1-s1-t1,s1-s1,0.000,0.000,,0,3315736
suite,slow_server,5,acquire,s1-s1-t2,s1-s1,0.000,0.000,,0,3315736
suite,slow_server,5,acquire,s1-s1-t3,s1-s1,0.000,0.000,,0,3315736
suite,slow_server,5,acquire,s1-s1-t4,s1-s1,0.000,0.000,,0,3315736
suite,slow_server,5,release_suite,,s1-s1,10.661,1.189,SIGTERM,0,3315736
suite,slow_server,5,acquire,s1-s1-t1,s1-s1,0.000,0.000,,0,3315735
suite,slow_server,5,acquire,s1-s1-t2,s1-s1,0.000,0.000,,0,3315735
suite,slow_server,5,acquire,s1-s1-t3,s1-s1,0.000,0.000,,0,3315735
suite,slow_server,5,acquire,s1-s1-t4,s1-s1,0.000,0.000,,0,3315735
suite,slow_server,5,release_suite,,s1-s1,9.800,1.175,SIGTERM,0,3315735
suite,slow_server,5,acquire,s1-s1-t1,s1-s1,0.000,0.000,,0,3315734
suite,slow_server,5,acquire,s1-s1-t2,s1-s1,0.000,0.000,,0,3315734
suite,slow_server,5,acquire,s1-s1-t3,s1-s1,0.000,0.000,,0,3315734
suite,slow_server,5,acquire,s1-s1-t4,s1-s1,0.000,0.000,,0,3315734
suite,slow_server,5,release_suite,,s1-s1,9.863,1.173,SIGTERM,0,3315734
suite,slow_server,5,acquire,s1-s1-t1,s1-s1,0.000,0.000,,0,3315740
suite,slow_server,5,acquire,s1-s1-t2,s1-s1,0.000,0.000,,0,3315740
suite,slow_server,5,acquire,s1-s1-t3,s1-s1,0.000,0.000,,0,3315740
suite,slow_server,5,acquire,s1-s1-t4,s1-s1,0.000,0.000,,0,3315740
suite,slow_server,5,release_suite,,s1-s1,10.489,1.178,SIGTERM,0,3315740
process,echo_server,1,acquire,s1-s1-t1,s1-s1,0.000,0.000,,0,3315914
process,echo_server,1,acquire,s1-s1-t2,s1-s1,0.000,0.000,,0,3315914
process,echo_server,1,acquire,s1-s1-t3,s1-s1,0.000,0.000,,0,3315914
process,echo_server,1,acquire,s1-s1-t4,s1-s1,0.000,0.000,,0,3315914
process,echo_server,1,shutdown_all,,,13.498,1.330,SIGTERM,0,3315914
process,echo_server,1,acquire,s1-s1-t1,s1-s1,0.000,0.000,,0,3315916
process,echo_server,1,acquire,s1-s1-t2,s1-s1,0.000,0.000,,0,3315916
process,echo_server,1,acquire,s1-s1-t3,s1-s1,0.000,0.000,,0,3315916
process,echo_server,1,acquire,s1-s1-t4,s1-s1,0.000,0.000,,0,3315916
process,echo_server,1,shutdown_all,,,12.962,1.184,SIGTERM,0,3315916
process,echo_server,1,acquire,s1-s1-t1,s1-s1,0.000,0.000,,0,3315917
process,echo_server,1,acquire,s1-s1-t2,s1-s1,0.000,0.000,,0,3315917
process,echo_server,1,acquire,s1-s1-t3,s1-s1,0.000,0.000,,0,3315917
process,echo_server,1,acquire,s1-s1-t4,s1-s1,0.000,0.000,,0,3315917
process,echo_server,1,shutdown_all,,,13.372,1.194,SIGTERM,0,3315917
process,echo_server,1,acquire,s1-s1-t1,s1-s1,0.000,0.000,,0,3315915
process,echo_server,1,acquire,s1-s1-t2,s1-s1,0.000,0.000,,0,3315915
process,echo_server,1,acquire,s1-s1-t3,s1-s1,0.000,0.000,,0,3315915
process,echo_server,1,acquire,s1-s1-t4,s1-s1,0.000,0.000,,0,3315915
process,echo_server,1,shutdown_all,,,13.016,1.184,SIGTERM,0,3315915
process,echo_server,2,acquire,s1-s1-t1,s1-s1,0.000,0.000,,0,3316019
process,echo_server,2,acquire,s1-s1-t2,s1-s1,0.000,0.000,,0,3316019
process,echo_server,2,acquire,s1-s1-t3,s1-s1,0.000,0.000,,0,3316019
process,echo_server,2,acquire,s1-s1-t4,s1-s1,0.000,0.000,,0,3316019
process,echo_server,2,shutdown_all,,,12.902,1.193,SIGTERM,0,3316019
process,echo_server,2,acquire,s1-s1-t1,s1-s1,0.000,0.000,,0,3316018
process,echo_server,2,acquire,s1-s1-t2,s1-s1,0.000,0.000,,0,3316018
process,echo_server,2,acquire,s1-s1-t3,s1-s1,0.000,0.000,,0,3316018
process,echo_server,2,acquire,s1-s1-t4,s1-s1,0.000,0.000,,0,3316018
process,echo_server,2,shutdown_all,,,12.372,1.204,SIGTERM,0,3316018
process,echo_server,2,acquire,s1-s1-t1,s1-s1,0.000,0.000,,0,3316021
process,echo_server,2,acquire,s1-s1-t2,s1-s1,0.000,0.000,,0,3316021
process,echo_server,2,acquire,s1-s1-t3,s1-s1,0.000,0.000,,0,3316021
process,echo_server,2,acquire,s1-s1-t4,s1-s1,0.000,0.000,,0,3316021
process,echo_server,2,shutdown_all,,,12.544,3.373,SIGTERM,0,3316021
process,echo_server,2,acquire,s1-s1-t1,s1-s1,0.000,0.000,,0,3316020
process,echo_server,2,acquire,s1-s1-t2,s1-s1,0.000,0.000,,0,3316020
process,echo_server,2,acquire,s1-s1-t3,s1-s1,0.000,0.000,,0,3316020
process,echo_server,2,acquire,s1-s1-t4,s1-s1,0.000,0.000,,0,3316020
process,echo_server,2,shutdown_all,,,12.979,1.209,SIGTERM,0,3316020
process,echo_server,3,acquire,s1-s1-t1,s1-s1,0.000,0.000,,0,3316132
process,echo_server,3,acquire,s1-s1-t2,s1-s1,0.000,0.000,,0,3316132
process,echo_server,3,acquire,s1-s1-t3,s1-s1,0.000,0.000,,0,3316132
process,echo_server,3,acquire,s1-s1-t4,s1-s1,0.000,0.000,,0,3316132
process,echo_server,3,shutdown_all,,,13.945,1.355,SIGTERM,0,3316132
process,echo_server,3,acquire,s1-s1-t1,s1-s1,0.000,0.000,,0,3316130
process,echo_server,3,acquire,s1-s1-t2,s1-s1,0.000,0.000,,0,3316130
process,echo_server,3,acquire,s1-s1-t3,s1-s1,0.000,0.000,,0,3316130
process,echo_server,3,acquire,s1-s1-t4,s1-s1,0.000,0.000,,0,3316130
process,echo_server,3,shutdown_all,,,12.545,3.420,SIGTERM,0,3316130
process,echo_server,3,acquire,s1-s1-t1,s1-s1,0.000,0.000,,0,3316133
process,echo_server,3,acquire,s1-s1-t2,s1-s1,0.000,0.000,,0,3316133
process,echo_server,3,acquire,s1-s1-t3,s1-s1,0.000,0.000,,0,3316133
process,echo_server,3,acquire,s1-s1-t4,s1-s1,0.000,0.000,,0,3316133
process,echo_server,3,shutdown_all,,,16.589,1.163,SIGTERM,0,3316133
process,echo_server,3,acquire,s1-s1-t1,s1-s1,0.000,0.000,,0,3316131
process,echo_server,3,acquire,s1-s1-t2,s1-s1,0.000,0.000,,0,3316131
process,echo_server,3,acquire,s1-s1-t3,s1-s1,0.000,0.000,,0,3316131
process,echo_server,3,acquire,s1-s1-t4,s1-s1,0.000,0.000,,0,3316131
process,echo_server,3,shutdown_all,,,14.616,1.228,SIGTERM,0,3316131
process,echo_server,4,acquire,s1-s1-t1,s1-s1,0.000,0.000,,0,3316236
process,echo_server,4,acquire,s1-s1-t2,s1-s1,0.000,0.000,,0,3316236
process,echo_server,4,acquire,s1-s1-t3,s1-s1,0.000,0.000,,0,3316236
process,echo_server,4,acquire,s1-s1-t4,s1-s1,0.000,0.000,,0,3316236
process,echo_server,4,shutdown_all,,,14.264,1.182,SIGTERM,0,3316236
process,echo_server,4,acquire,s1-s1-t1,s1-s1,0.000,0.000,,0,3316233
process,echo_server,4,acquire,s1-s1-t2,s1-s1,0.000,0.000,,0,3316233
process,echo_server,4,acquire,s1-s1-t3,s1-s1,0.000,0.000,,0,3316233
process,echo_server,4,acquire,s1-s1-t4,s1-s1,0.000,0.000,,0,3316233
process,echo_server,4,shutdown_all,,,13.072,1.199,SIGTERM,0,3316233
process,echo_server,4,acquire,s1-s1-t1,s1-s1,0.000,0.000,,0,3316234
process,echo_server,4,acquire,s1-s1-t2,s1-s1,0.000,0.000,,0,3316234
process,echo_server,4,acquire,s1-s1-t3,s1-s1,0.000,0.000,,0,3316234
process,echo_server,4,acquire,s1-s1-t4,s1-s1,0.000,0.000,,0,3316234
process,echo_server,4,shutdown_all,,,13.891,1.189,SIGTERM,0,3316234
process,echo_server,4,acquire,s1-s1-t1,s1-s1,0.000,0.000,,0,3316235
process,echo_server,4,acquire,s1-s1-t2,s1-s1,0.000,0.000,,0,3316235
process,echo_server,4,acquire,s1-s1-t3,s1-s1,0.000,0.000,,0,3316235
process,echo_server,4,acquire,s1-s1-t4,s1-s1,0.000,0.000,,0,3316235
process,echo_server,4,shutdown_all,,,14.623,1.195,SIGTERM,0,3316235
process,echo_server,5,acquire,s1-s1-t1,s1-s1,0.000,0.000,,0,3316331
process,echo_server,5,acquire,s1-s1-t2,s1-s1,0.000,0.000,,0,3316331
process,echo_server,5,acquire,s1-s1-t3,s1-s1,0.000,0.000,,0,3316331
process,echo_server,5,acquire,s1-s1-t4,s1-s1,0.000,0.000,,0,3316331
process,echo_server,5,shutdown_all,,,12.581,1.174,SIGTERM,0,3316331
process,echo_server,5,acquire,s1-s1-t1,s1-s1,0.000,0.000,,0,3316333
process,echo_server,5,acquire,s1-s1-t2,s1-s1,0.000,0.000,,0,3316333
process,echo_server,5,acquire,s1-s1-t3,s1-s1,0.000,0.000,,0,3316333
process,echo_server,5,acquire,s1-s1-t4,s1-s1,0.000,0.000,,0,3316333
process,echo_server,5,shutdown_all,,,13.353,1.181,SIGTERM,0,3316333
process,echo_server,5,acquire,s1-s1-t1,s1-s1,0.000,0.000,,0,3316332
process,echo_server,5,acquire,s1-s1-t2,s1-s1,0.000,0.000,,0,3316332
process,echo_server,5,acquire,s1-s1-t3,s1-s1,0.000,0.000,,0,3316332
process,echo_server,5,acquire,s1-s1-t4,s1-s1,0.000,0.000,,0,3316332
process,echo_server,5,shutdown_all,,,13.252,1.191,SIGTERM,0,3316332
process,echo_server,5,acquire,s1-s1-t1,s1-s1,0.000,0.000,,0,3316334
process,echo_server,5,acquire,s1-s1-t2,s1-s1,0.000,0.000,,0,3316334
process,echo_server,5,acquire,s1-s1-t3,s1-s1,0.000,0.000,,0,3316334
process,echo_server,5,acquire,s1-s1-t4,s1-s1,0.000,0.000,,0,3316334
process,echo_server,5,shutdown_all,,,14.303,1.234,SIGTERM,0,3316334
process,rf_mcp_substitute,1,acquire,s1-s1-t1,s1-s1,0.000,0.000,,0,3316513
process,rf_mcp_substitute,1,acquire,s1-s1-t2,s1-s1,0.000,0.000,,0,3316513
process,rf_mcp_substitute,1,acquire,s1-s1-t3,s1-s1,0.000,0.000,,0,3316513
process,rf_mcp_substitute,1,acquire,s1-s1-t4,s1-s1,0.000,0.000,,0,3316513
process,rf_mcp_substitute,1,shutdown_all,,,25.747,4.849,SIGTERM,0,3316513
process,rf_mcp_substitute,1,acquire,s1-s1-t1,s1-s1,0.000,0.000,,0,3316512
process,rf_mcp_substitute,1,acquire,s1-s1-t2,s1-s1,0.000,0.000,,0,3316512
process,rf_mcp_substitute,1,acquire,s1-s1-t3,s1-s1,0.000,0.000,,0,3316512
process,rf_mcp_substitute,1,acquire,s1-s1-t4,s1-s1,0.000,0.000,,0,3316512
process,rf_mcp_substitute,1,shutdown_all,,,13.688,1.175,SIGTERM,0,3316512
process,rf_mcp_substitute,1,acquire,s1-s1-t1,s1-s1,0.000,0.000,,0,3316511
process,rf_mcp_substitute,1,acquire,s1-s1-t2,s1-s1,0.000,0.000,,0,3316511
process,rf_mcp_substitute,1,acquire,s1-s1-t3,s1-s1,0.000,0.000,,0,3316511
process,rf_mcp_substitute,1,acquire,s1-s1-t4,s1-s1,0.000,0.000,,0,3316511
process,rf_mcp_substitute,1,shutdown_all,,,13.141,1.183,SIGTERM,0,3316511
process,rf_mcp_substitute,1,acquire,s1-s1-t1,s1-s1,0.000,0.000,,0,3316514
process,rf_mcp_substitute,1,acquire,s1-s1-t2,s1-s1,0.000,0.000,,0,3316514
process,rf_mcp_substitute,1,acquire,s1-s1-t3,s1-s1,0.000,0.000,,0,3316514
process,rf_mcp_substitute,1,acquire,s1-s1-t4,s1-s1,0.000,0.000,,0,3316514
process,rf_mcp_substitute,1,shutdown_all,,,23.317,1.145,SIGTERM,0,3316514
process,rf_mcp_substitute,2,acquire,s1-s1-t1,s1-s1,0.000,0.000,,0,3316653
process,rf_mcp_substitute,2,acquire,s1-s1-t2,s1-s1,0.000,0.000,,0,3316653
process,rf_mcp_substitute,2,acquire,s1-s1-t3,s1-s1,0.000,0.000,,0,3316653
process,rf_mcp_substitute,2,acquire,s1-s1-t4,s1-s1,0.000,0.000,,0,3316653
process,rf_mcp_substitute,2,shutdown_all,,,10.755,1.150,SIGTERM,0,3316653
process,rf_mcp_substitute,2,acquire,s1-s1-t1,s1-s1,0.000,0.000,,0,3316654
process,rf_mcp_substitute,2,acquire,s1-s1-t2,s1-s1,0.000,0.000,,0,3316654
process,rf_mcp_substitute,2,acquire,s1-s1-t3,s1-s1,0.000,0.000,,0,3316654
process,rf_mcp_substitute,2,acquire,s1-s1-t4,s1-s1,0.000,0.000,,0,3316654
process,rf_mcp_substitute,2,shutdown_all,,,12.851,2.042,SIGTERM,0,3316654
process,rf_mcp_substitute,2,acquire,s1-s1-t1,s1-s1,0.000,0.000,,0,3316652
process,rf_mcp_substitute,2,acquire,s1-s1-t2,s1-s1,0.000,0.000,,0,3316652
process,rf_mcp_substitute,2,acquire,s1-s1-t3,s1-s1,0.000,0.000,,0,3316652
process,rf_mcp_substitute,2,acquire,s1-s1-t4,s1-s1,0.000,0.000,,0,3316652
process,rf_mcp_substitute,2,shutdown_all,,,11.720,1.174,SIGTERM,0,3316652
process,rf_mcp_substitute,2,acquire,s1-s1-t1,s1-s1,0.000,0.000,,0,3316655
process,rf_mcp_substitute,2,acquire,s1-s1-t2,s1-s1,0.000,0.000,,0,3316655
process,rf_mcp_substitute,2,acquire,s1-s1-t3,s1-s1,0.000,0.000,,0,3316655
process,rf_mcp_substitute,2,acquire,s1-s1-t4,s1-s1,0.000,0.000,,0,3316655
process,rf_mcp_substitute,2,shutdown_all,,,12.982,1.201,SIGTERM,0,3316655
process,rf_mcp_substitute,3,acquire,s1-s1-t1,s1-s1,0.000,0.000,,0,3316757
process,rf_mcp_substitute,3,acquire,s1-s1-t2,s1-s1,0.000,0.000,,0,3316757
process,rf_mcp_substitute,3,acquire,s1-s1-t3,s1-s1,0.000,0.000,,0,3316757
process,rf_mcp_substitute,3,acquire,s1-s1-t4,s1-s1,0.000,0.000,,0,3316757
process,rf_mcp_substitute,3,shutdown_all,,,12.499,1.197,SIGTERM,0,3316757
process,rf_mcp_substitute,3,acquire,s1-s1-t1,s1-s1,0.000,0.000,,0,3316760
process,rf_mcp_substitute,3,acquire,s1-s1-t2,s1-s1,0.000,0.000,,0,3316760
process,rf_mcp_substitute,3,acquire,s1-s1-t3,s1-s1,0.000,0.000,,0,3316760
process,rf_mcp_substitute,3,acquire,s1-s1-t4,s1-s1,0.000,0.000,,0,3316760
process,rf_mcp_substitute,3,shutdown_all,,,13.932,1.232,SIGTERM,0,3316760
process,rf_mcp_substitute,3,acquire,s1-s1-t1,s1-s1,0.000,0.000,,0,3316759
process,rf_mcp_substitute,3,acquire,s1-s1-t2,s1-s1,0.000,0.000,,0,3316759
process,rf_mcp_substitute,3,acquire,s1-s1-t3,s1-s1,0.000,0.000,,0,3316759
process,rf_mcp_substitute,3,acquire,s1-s1-t4,s1-s1,0.000,0.000,,0,3316759
process,rf_mcp_substitute,3,shutdown_all,,,14.585,1.189,SIGTERM,0,3316759
process,rf_mcp_substitute,3,acquire,s1-s1-t1,s1-s1,0.000,0.000,,0,3316758
process,rf_mcp_substitute,3,acquire,s1-s1-t2,s1-s1,0.000,0.000,,0,3316758
process,rf_mcp_substitute,3,acquire,s1-s1-t3,s1-s1,0.000,0.000,,0,3316758
process,rf_mcp_substitute,3,acquire,s1-s1-t4,s1-s1,0.000,0.000,,0,3316758
process,rf_mcp_substitute,3,shutdown_all,,,14.660,1.187,SIGTERM,0,3316758
process,rf_mcp_substitute,4,acquire,s1-s1-t1,s1-s1,0.000,0.000,,0,3316864
process,rf_mcp_substitute,4,acquire,s1-s1-t2,s1-s1,0.000,0.000,,0,3316864
process,rf_mcp_substitute,4,acquire,s1-s1-t3,s1-s1,0.000,0.000,,0,3316864
process,rf_mcp_substitute,4,acquire,s1-s1-t4,s1-s1,0.000,0.000,,0,3316864
process,rf_mcp_substitute,4,shutdown_all,,,16.244,1.233,SIGTERM,0,3316864
process,rf_mcp_substitute,4,acquire,s1-s1-t1,s1-s1,0.000,0.000,,0,3316855
process,rf_mcp_substitute,4,acquire,s1-s1-t2,s1-s1,0.000,0.000,,0,3316855
process,rf_mcp_substitute,4,acquire,s1-s1-t3,s1-s1,0.000,0.000,,0,3316855
process,rf_mcp_substitute,4,acquire,s1-s1-t4,s1-s1,0.000,0.000,,0,3316855
process,rf_mcp_substitute,4,shutdown_all,,,13.653,1.197,SIGTERM,0,3316855
process,rf_mcp_substitute,4,acquire,s1-s1-t1,s1-s1,0.000,0.000,,0,3316863
process,rf_mcp_substitute,4,acquire,s1-s1-t2,s1-s1,0.000,0.000,,0,3316863
process,rf_mcp_substitute,4,acquire,s1-s1-t3,s1-s1,0.000,0.000,,0,3316863
process,rf_mcp_substitute,4,acquire,s1-s1-t4,s1-s1,0.000,0.000,,0,3316863
process,rf_mcp_substitute,4,shutdown_all,,,14.447,1.330,SIGTERM,0,3316863
process,rf_mcp_substitute,4,acquire,s1-s1-t1,s1-s1,0.000,0.000,,0,3316865
process,rf_mcp_substitute,4,acquire,s1-s1-t2,s1-s1,0.000,0.000,,0,3316865
process,rf_mcp_substitute,4,acquire,s1-s1-t3,s1-s1,0.000,0.000,,0,3316865
process,rf_mcp_substitute,4,acquire,s1-s1-t4,s1-s1,0.000,0.000,,0,3316865
process,rf_mcp_substitute,4,shutdown_all,,,21.160,1.213,SIGTERM,0,3316865
process,rf_mcp_substitute,5,acquire,s1-s1-t1,s1-s1,0.000,0.000,,0,3316993
process,rf_mcp_substitute,5,acquire,s1-s1-t2,s1-s1,0.000,0.000,,0,3316993
process,rf_mcp_substitute,5,acquire,s1-s1-t3,s1-s1,0.000,0.000,,0,3316993
process,rf_mcp_substitute,5,acquire,s1-s1-t4,s1-s1,0.000,0.000,,0,3316993
process,rf_mcp_substitute,5,shutdown_all,,,12.458,1.197,SIGTERM,0,3316993
process,rf_mcp_substitute,5,acquire,s1-s1-t1,s1-s1,0.000,0.000,,0,3316994
process,rf_mcp_substitute,5,acquire,s1-s1-t2,s1-s1,0.000,0.000,,0,3316994
process,rf_mcp_substitute,5,acquire,s1-s1-t3,s1-s1,0.000,0.000,,0,3316994
process,rf_mcp_substitute,5,acquire,s1-s1-t4,s1-s1,0.000,0.000,,0,3316994
process,rf_mcp_substitute,5,shutdown_all,,,12.937,1.182,SIGTERM,0,3316994
process,rf_mcp_substitute,5,acquire,s1-s1-t1,s1-s1,0.000,0.000,,0,3316995
process,rf_mcp_substitute,5,acquire,s1-s1-t2,s1-s1,0.000,0.000,,0,3316995
process,rf_mcp_substitute,5,acquire,s1-s1-t3,s1-s1,0.000,0.000,,0,3316995
process,rf_mcp_substitute,5,acquire,s1-s1-t4,s1-s1,0.000,0.000,,0,3316995
process,rf_mcp_substitute,5,shutdown_all,,,13.131,1.203,SIGTERM,0,3316995
process,rf_mcp_substitute,5,acquire,s1-s1-t1,s1-s1,0.000,0.000,,0,3316996
process,rf_mcp_substitute,5,acquire,s1-s1-t2,s1-s1,0.000,0.000,,0,3316996
process,rf_mcp_substitute,5,acquire,s1-s1-t3,s1-s1,0.000,0.000,,0,3316996
process,rf_mcp_substitute,5,acquire,s1-s1-t4,s1-s1,0.000,0.000,,0,3316996
process,rf_mcp_substitute,5,shutdown_all,,,14.028,1.200,SIGTERM,0,3316996
process,slow_server,1,acquire,s1-s1-t1,s1-s1,0.000,0.000,,0,3317098
process,slow_server,1,acquire,s1-s1-t2,s1-s1,0.000,0.000,,0,3317098
process,slow_server,1,acquire,s1-s1-t3,s1-s1,0.000,0.000,,0,3317098
process,slow_server,1,acquire,s1-s1-t4,s1-s1,0.000,0.000,,0,3317098
process,slow_server,1,shutdown_all,,,12.535,1.304,SIGTERM,0,3317098
process,slow_server,1,acquire,s1-s1-t1,s1-s1,0.000,0.000,,0,3317099
process,slow_server,1,acquire,s1-s1-t2,s1-s1,0.000,0.000,,0,3317099
process,slow_server,1,acquire,s1-s1-t3,s1-s1,0.000,0.000,,0,3317099
process,slow_server,1,acquire,s1-s1-t4,s1-s1,0.000,0.000,,0,3317099
process,slow_server,1,shutdown_all,,,12.822,1.191,SIGTERM,0,3317099
process,slow_server,1,acquire,s1-s1-t1,s1-s1,0.000,0.000,,0,3317101
process,slow_server,1,acquire,s1-s1-t2,s1-s1,0.000,0.000,,0,3317101
process,slow_server,1,acquire,s1-s1-t3,s1-s1,0.000,0.000,,0,3317101
process,slow_server,1,acquire,s1-s1-t4,s1-s1,0.000,0.000,,0,3317101
process,slow_server,1,shutdown_all,,,12.572,3.285,SIGTERM,0,3317101
process,slow_server,1,acquire,s1-s1-t1,s1-s1,0.000,0.000,,0,3317100
process,slow_server,1,acquire,s1-s1-t2,s1-s1,0.000,0.000,,0,3317100
process,slow_server,1,acquire,s1-s1-t3,s1-s1,0.000,0.000,,0,3317100
process,slow_server,1,acquire,s1-s1-t4,s1-s1,0.000,0.000,,0,3317100
process,slow_server,1,shutdown_all,,,13.178,1.183,SIGTERM,0,3317100
process,slow_server,2,acquire,s1-s1-t1,s1-s1,0.000,0.000,,0,3317204
process,slow_server,2,acquire,s1-s1-t2,s1-s1,0.000,0.000,,0,3317204
process,slow_server,2,acquire,s1-s1-t3,s1-s1,0.000,0.000,,0,3317204
process,slow_server,2,acquire,s1-s1-t4,s1-s1,0.000,0.000,,0,3317204
process,slow_server,2,shutdown_all,,,12.790,1.183,SIGTERM,0,3317204
process,slow_server,2,acquire,s1-s1-t1,s1-s1,0.000,0.000,,0,3317203
process,slow_server,2,acquire,s1-s1-t2,s1-s1,0.000,0.000,,0,3317203
process,slow_server,2,acquire,s1-s1-t3,s1-s1,0.000,0.000,,0,3317203
process,slow_server,2,acquire,s1-s1-t4,s1-s1,0.000,0.000,,0,3317203
process,slow_server,2,shutdown_all,,,12.481,1.163,SIGTERM,0,3317203
process,slow_server,2,acquire,s1-s1-t1,s1-s1,0.000,0.000,,0,3317206
process,slow_server,2,acquire,s1-s1-t2,s1-s1,0.000,0.000,,0,3317206
process,slow_server,2,acquire,s1-s1-t3,s1-s1,0.000,0.000,,0,3317206
process,slow_server,2,acquire,s1-s1-t4,s1-s1,0.000,0.000,,0,3317206
process,slow_server,2,shutdown_all,,,13.187,1.208,SIGTERM,0,3317206
process,slow_server,2,acquire,s1-s1-t1,s1-s1,0.000,0.000,,0,3317205
process,slow_server,2,acquire,s1-s1-t2,s1-s1,0.000,0.000,,0,3317205
process,slow_server,2,acquire,s1-s1-t3,s1-s1,0.000,0.000,,0,3317205
process,slow_server,2,acquire,s1-s1-t4,s1-s1,0.000,0.000,,0,3317205
process,slow_server,2,shutdown_all,,,13.034,1.204,SIGTERM,0,3317205
process,slow_server,3,acquire,s1-t1,s1,0.000,0.000,,0,3317320
process,slow_server,3,release_test,s1-t1,,6.579,1.232,SIGTERM,0,3317320
process,slow_server,3,acquire,s1-t1,s1,0.000,0.000,,0,3317329
process,slow_server,3,release_test,s1-t1,,9.100,3.549,SIGTERM,0,3317329
process,slow_server,3,acquire,s1-t1,s1,0.000,0.000,,0,3317321
process,slow_server,3,release_test,s1-t1,,6.603,4.245,SIGTERM,0,3317321
process,slow_server,3,acquire,s1-t1,s1,0.000,0.000,,0,3317322
process,slow_server,3,release_test,s1-t1,,5.840,4.572,SIGTERM,0,3317322
process,slow_server,3,acquire,s1-t1,s1,0.000,0.000,,0,3317324
process,slow_server,3,release_test,s1-t1,,3.886,3.424,SIGTERM,0,3317324
process,slow_server,3,acquire,s1-t1,s1,0.000,0.000,,0,3317325
process,slow_server,3,release_test,s1-t1,,11.484,7.825,SIGTERM,0,3317325
process,slow_server,3,acquire,s1-t1,s1,0.000,0.000,,0,3317330
process,slow_server,3,release_test,s1-t1,,17.723,9.218,SIGTERM,0,3317330
process,slow_server,3,acquire,s1-t1,s1,0.000,0.000,,0,3317323
process,slow_server,3,release_test,s1-t1,,6.905,1.223,SIGTERM,0,3317323
process,slow_server,3,acquire,s1-t1,s1,0.000,0.000,,0,3317369
process,slow_server,3,release_test,s1-t1,,9.113,1.222,SIGTERM,0,3317369
process,slow_server,3,acquire,s1-t1,s1,0.000,0.000,,0,3317373
process,slow_server,3,release_test,s1-t1,,6.452,3.862,SIGTERM,0,3317373
process,slow_server,3,acquire,s1-t1,s1,0.000,0.000,,0,3317370
process,slow_server,3,release_test,s1-t1,,6.970,1.246,SIGTERM,0,3317370
process,slow_server,3,acquire,s1-t1,s1,0.000,0.000,,0,3317372
process,slow_server,3,release_test,s1-t1,,6.735,1.179,SIGTERM,0,3317372
process,slow_server,3,acquire,s1-t1,s1,0.000,0.000,,0,3317368
process,slow_server,3,release_test,s1-t1,,7.746,1.311,SIGTERM,0,3317368
process,slow_server,3,acquire,s1-t1,s1,0.000,0.000,,0,3317371
process,slow_server,3,release_test,s1-t1,,9.795,1.262,SIGTERM,0,3317371
process,slow_server,3,acquire,s1-t1,s1,0.000,0.000,,0,3317375
process,slow_server,3,release_test,s1-t1,,3.840,1.228,SIGTERM,0,3317375
process,slow_server,3,acquire,s1-t1,s1,0.000,0.000,,0,3317374
process,slow_server,3,release_test,s1-t1,,3.161,1.218,SIGTERM,0,3317374
process,slow_server,3,acquire,s1-s1-t1,s1-s1,0.000,0.000,,0,3317400
process,slow_server,3,acquire,s1-s1-t2,s1-s1,0.000,0.000,,0,3317400
process,slow_server,3,acquire,s1-s1-t3,s1-s1,0.000,0.000,,0,3317400
process,slow_server,3,acquire,s1-s1-t4,s1-s1,0.000,0.000,,0,3317400
process,slow_server,3,shutdown_all,,,14.740,1.181,SIGTERM,0,3317400
process,slow_server,3,acquire,s1-s1-t1,s1-s1,0.000,0.000,,0,3317402
process,slow_server,3,acquire,s1-s1-t2,s1-s1,0.000,0.000,,0,3317402
process,slow_server,3,acquire,s1-s1-t3,s1-s1,0.000,0.000,,0,3317402
process,slow_server,3,acquire,s1-s1-t4,s1-s1,0.000,0.000,,0,3317402
process,slow_server,3,shutdown_all,,,20.358,1.208,SIGTERM,0,3317402
process,slow_server,3,acquire,s1-s1-t1,s1-s1,0.000,0.000,,0,3317401
process,slow_server,3,acquire,s1-s1-t2,s1-s1,0.000,0.000,,0,3317401
process,slow_server,3,acquire,s1-s1-t3,s1-s1,0.000,0.000,,0,3317401
process,slow_server,3,acquire,s1-s1-t4,s1-s1,0.000,0.000,,0,3317401
process,slow_server,3,shutdown_all,,,13.293,1.237,SIGTERM,0,3317401
process,slow_server,3,acquire,s1-s1-t1,s1-s1,0.000,0.000,,0,3317403
process,slow_server,3,acquire,s1-s1-t2,s1-s1,0.000,0.000,,0,3317403
process,slow_server,3,acquire,s1-s1-t3,s1-s1,0.000,0.000,,0,3317403
process,slow_server,3,acquire,s1-s1-t4,s1-s1,0.000,0.000,,0,3317403
process,slow_server,3,shutdown_all,,,12.676,1.228,SIGTERM,0,3317403
process,slow_server,4,acquire,s1-s1-t1,s1-s1,0.000,0.000,,0,3317500
process,slow_server,4,acquire,s1-s1-t2,s1-s1,0.000,0.000,,0,3317500
process,slow_server,4,acquire,s1-s1-t3,s1-s1,0.000,0.000,,0,3317500
process,slow_server,4,acquire,s1-s1-t4,s1-s1,0.000,0.000,,0,3317500
process,slow_server,4,shutdown_all,,,14.695,3.314,SIGTERM,0,3317500
process,slow_server,4,acquire,s1-s1-t1,s1-s1,0.000,0.000,,0,3317501
process,slow_server,4,acquire,s1-s1-t2,s1-s1,0.000,0.000,,0,3317501
process,slow_server,4,acquire,s1-s1-t3,s1-s1,0.000,0.000,,0,3317501
process,slow_server,4,acquire,s1-s1-t4,s1-s1,0.000,0.000,,0,3317501
process,slow_server,4,shutdown_all,,,14.462,1.178,SIGTERM,0,3317501
process,slow_server,4,acquire,s1-s1-t1,s1-s1,0.000,0.000,,0,3317502
process,slow_server,4,acquire,s1-s1-t2,s1-s1,0.000,0.000,,0,3317502
process,slow_server,4,acquire,s1-s1-t3,s1-s1,0.000,0.000,,0,3317502
process,slow_server,4,acquire,s1-s1-t4,s1-s1,0.000,0.000,,0,3317502
process,slow_server,4,shutdown_all,,,13.494,1.189,SIGTERM,0,3317502
process,slow_server,4,acquire,s1-s1-t1,s1-s1,0.000,0.000,,0,3317499
process,slow_server,4,acquire,s1-s1-t2,s1-s1,0.000,0.000,,0,3317499
process,slow_server,4,acquire,s1-s1-t3,s1-s1,0.000,0.000,,0,3317499
process,slow_server,4,acquire,s1-s1-t4,s1-s1,0.000,0.000,,0,3317499
process,slow_server,4,shutdown_all,,,13.992,1.180,SIGTERM,0,3317499
process,slow_server,5,acquire,s1-s1-t1,s1-s1,0.000,0.000,,0,3317600
process,slow_server,5,acquire,s1-s1-t2,s1-s1,0.000,0.000,,0,3317600
process,slow_server,5,acquire,s1-s1-t3,s1-s1,0.000,0.000,,0,3317600
process,slow_server,5,acquire,s1-s1-t4,s1-s1,0.000,0.000,,0,3317600
process,slow_server,5,shutdown_all,,,11.248,1.184,SIGTERM,0,3317600
process,slow_server,5,acquire,s1-s1-t1,s1-s1,0.000,0.000,,0,3317602
process,slow_server,5,acquire,s1-s1-t2,s1-s1,0.000,0.000,,0,3317602
process,slow_server,5,acquire,s1-s1-t3,s1-s1,0.000,0.000,,0,3317602
process,slow_server,5,acquire,s1-s1-t4,s1-s1,0.000,0.000,,0,3317602
process,slow_server,5,shutdown_all,,,13.458,1.206,SIGTERM,0,3317602
process,slow_server,5,acquire,s1-s1-t1,s1-s1,0.000,0.000,,0,3317601
process,slow_server,5,acquire,s1-s1-t2,s1-s1,0.000,0.000,,0,3317601
process,slow_server,5,acquire,s1-s1-t3,s1-s1,0.000,0.000,,0,3317601
process,slow_server,5,acquire,s1-s1-t4,s1-s1,0.000,0.000,,0,3317601
process,slow_server,5,shutdown_all,,,13.023,1.186,SIGTERM,0,3317601
process,slow_server,5,acquire,s1-s1-t1,s1-s1,0.000,0.000,,0,3317603
process,slow_server,5,acquire,s1-s1-t2,s1-s1,0.000,0.000,,0,3317603
process,slow_server,5,acquire,s1-s1-t3,s1-s1,0.000,0.000,,0,3317603
process,slow_server,5,acquire,s1-s1-t4,s1-s1,0.000,0.000,,0,3317603
process,slow_server,5,shutdown_all,,,15.496,1.191,SIGTERM,0,3317603
